"","date","1","2","3","4","5","6","7","8","9","10","11","12","13","14","15","16","17","18","19","20","21","22","23","24","25","26","27","28","29","30"
"1","1986.01.17",794,408,376,663,568,568,714,806,813,562,691,371,586,562,727,899,993,688,797,902,1079,790,1169,1084,695,816,995,907,816,897
"2","1986.03.22",938,1070,586,804,752,685,880,706,825,1070,1130,581,601,796,877,1000,1440,1065,819,1172,1104,1060,1228,1183,871,1058,939,941,758,937
"3","1986.06.10",1180,1119,956,1382,1129,1381,1227,1133,1033,1000,898,1059,1064,999,924,1065,1174,1065,1328,1080,1136,1021,1034,1127,1020,1075,995,1087,1030,1125
"4","1986.09.14",1730,1997,1797,2324,1871,2304,2059,1893,1830,2241,2335,2277,1768,1919,1736,2198,2574,2139,1900,2021,1972,1761,2015,2006,1888,2056,2041,1949,1978,2190
"5","1987.01.04",1003,500,NA,675,472,786,904,803,725,550,577,311,341,557,595,568,581,570,795,904,910,581,1000,677,455,795,817,801,704,581
"6","1987.02.05",908,557,219,612,725,618,842,839,765,597,631,393,618,597,648,425,539,712,736,666,855,630,843,632,618,650,934,667,833,634
"7","1987.04.10",972,960,770,841,914,671,920,759,815,833,902,628,655,641,911,719,668,901,917,810,1033,1083,1029,966,849,854,1032,868,748,787
"8","1987.05.12",1391,1512,1403,1505,1496,1448,1437,1492,1238,1568,1618,1178,1346,1683,1446,1405,1561,1511,1540,1289,1482,1664,1341,1446,1558,1657,1486,1337,1342,1559
"9","1987.06.13",1234,1226,1222,1652,1384,1750,1584,1336,986,944,1004,1159,1114,996,976,1001,1227,1115,1483,1136,1290,1175,1284,1280,1279,1283,1286,1337,1286,1230
"10","1987.06.29",1259,946,1153,1416,1307,1464,1355,1111,912,825,939,981,994,875,957,880,1103,944,1356,1011,1256,1053,1156,1206,1103,1153,1063,1161,1208,1107
"11","1987.08.16",1558,1815,1467,2099,1625,2033,1823,1661,1613,1715,2051,1099,1699,1351,2076,2083,2551,2107,1828,1618,1899,1581,1668,2079,1754,2030,1818,1667,1840,2156
"12","1987.09.01",1633,1794,1551,1965,1649,1836,1689,1635,1692,1736,1788,1368,1484,1621,1871,2276,2247,2270,1858,1756,1834,1790,1748,2065,1782,2065,1630,1580,1532,2473
"13","1987.10.03",1527,1995,1427,1828,1479,1617,1593,1411,1887,1288,1156,1217,1219,1219,1411,1558,1820,1294,1599,1279,1802,1550,1524,1476,1623,1612,1220,1343,1345,1624
"14","1987.10.19",1603,1752,1293,1432,1273,1355,1473,1203,1460,907,914,963,909,905,999,982,1133,1060,1272,1204,1505,1279,1335,1414,1357,1416,1138,999,1066,1134
"15","1988.05.14",1070,1058,947,1212,1112,1160,1165,1167,874,782,852,1102,898,836,863,780,842,891,1312,1118,1079,1008,1066,1064,899,1114,1120,922,961,1005
"16","1988.06.15",1137,872,857,1172,1030,1070,939,991,751,700,764,944,811,747,840,742,809,805,1090,939,1053,919,893,1027,915,930,1001,944,782,974
"17","1988.07.09",1125,930,852,1131,1052,1135,1008,884,722,903,769,820,747,775,767,746,775,837,974,1012,1023,859,904,998,1023,829,979,962,883,854
"18","1988.07.25",1346,1487,1144,1428,1227,1376,1231,1145,1137,1216,1283,1310,1274,1261,1549,1234,1366,1606,1197,1327,1353,1263,1127,1213,1308,1050,1496,1545,1597,2277
"19","1988.09.19",1690,2255,1624,1543,1471,1668,1462,1578,1628,2404,2191,2116,2606,2414,2815,2772,2945,1904,1927,1520,1828,1795,1752,1592,1606,1901,1612,1515,1703,2404
"20","1989.04.15",1041,1090,1030,1027,1034,1085,1091,1092,942,1199,1144,1144,975,1089,1090,1034,1199,1146,1250,989,1144,974,1145,1143,917,984,1093,1092,1037,1091
"21","1989.05.01",1112,1113,950,1221,1061,1059,1112,966,915,1113,1011,1059,1057,1061,1012,902,1008,1060,1211,966,1021,1008,1014,1008,955,859,1114,969,964,1008
"22","1989.06.10",977,909,735,932,954,936,871,970,654,911,770,863,747,765,738,755,961,860,1023,784,905,802,833,913,840,829,819,850,827,914
"23","1989.06.18",913,903,783,931,903,940,859,820,772,852,707,769,794,752,766,746,858,746,963,767,885,739,817,907,894,811,879,732,709,809
"24","1989.06.26",1057,856,715,860,852,971,862,827,639,758,808,798,788,707,684,748,814,801,974,772,904,736,826,908,788,781,813,844,811,904
"25","1989.07.04",1086,926,858,953,929,1012,879,994,793,828,731,892,817,828,837,825,988,875,1046,934,1007,813,795,831,864,837,910,853,731,933
"26","1989.07.20",1236,1124,1001,943,862,1004,870,844,930,864,930,934,966,819,889,870,1087,871,1092,1028,998,839,1025,1226,1218,1179,899,939,969,NA
"27","1989.10.08",1249,1313,935,1241,1312,1170,1182,1185,940,971,1051,1082,1032,902,909,1032,1246,1314,1249,984,1492,1103,1312,974,1097,1045,1071,932,1245,1245
"28","1989.10.24",1171,1169,998,1090,1022,1010,964,1172,906,723,889,995,788,794,661,788,867,953,1245,1029,1369,1016,1104,1022,933,1095,1043,1031,962,863
"29","1990.04.18",790,699,686,629,668,705,687,698,638,652,623,739,587,587,619,476,614,663,797,737,866,643,788,722,637,778,666,800,516,707
"30","1990.05.04",805,670,595,588,695,665,697,761,557,622,641,700,550,560,588,566,736,678,814,601,831,606,699,689,604,680,729,720,699,720
"31","1990.06.05",899,723,593,755,793,766,793,721,603,723,637,753,771,669,601,679,740,733,859,750,829,665,798,788,601,733,729,679,648,715
"32","1990.06.21",996,768,640,792,784,760,643,802,596,771,631,799,661,659,683,718,736,780,847,794,863,652,688,778,747,778,672,775,592,768
"33","1990.08.24",2709,2777,2508,2793,2454,2665,2528,2562,3062,4081,3665,4352,3642,4078,3972,3492,4234,3787,2421,2408,2847,2581,2511,2478,2450,2255,2686,2570,2728,3233
"34","1990.09.09",2157,2369,2246,2587,2360,2510,2431,2193,2195,2319,2240,2809,2070,2329,2354,2395,2969,2514,2268,1993,2187,2160,2173,2207,2046,2265,2289,1910,2275,2011
"35","1990.10.11",1570,1631,1564,1821,1648,1740,1694,1679,1476,1388,1307,1340,1242,1316,1442,1465,2041,1740,1558,1501,1648,1308,1428,1576,1392,1510,1775,1421,1691,1610
"36","1990.10.27",1373,1077,1073,1391,1374,1233,1437,1225,1151,1004,1010,983,1003,1003,1300,1078,1385,1232,1373,1079,1216,1156,1011,1229,1076,1375,1284,1152,1225,1233
"37","1991.03.20",798,563,NA,NA,NA,NA,434,928,696,571,592,517,571,501,592,496,496,577,925,677,931,689,798,721,552,854,934,805,864,637
"38","1991.04.05",930,788,712,783,931,793,871,1050,716,478,684,628,538,408,622,538,538,672,820,813,938,793,811,802,580,924,888,764,873,610
"39","1991.04.21",1096,1206,860,921,1044,980,1043,NA,842,NA,NA,NA,NA,NA,NA,923,NA,NA,1149,1200,1250,1034,1042,1366,857,1366,1199,NA,NA,871
"40","1991.05.23",1044,1041,986,1307,1144,1302,1189,1143,848,829,835,1039,988,875,835,879,879,1042,1335,992,1187,932,939,1039,984,987,1138,997,1142,936
"41","1991.06.24",1118,962,904,1064,1069,1115,1021,1072,825,752,711,896,699,742,862,794,794,861,1071,868,1073,741,962,964,897,911,978,883,918,914
"42","1991.09.04",1731,2115,1735,2345,1914,2273,2021,1853,1846,1000,1080,1360,1245,984,1326,1106,1310,1324,1509,1324,1783,1796,1614,1432,1345,1247,1290,1282,1498,1208
"43","1991.10.14",1129,1276,1047,1409,1193,1477,1321,1194,1193,911,852,965,838,765,992,978,983,1057,1260,931,1253,1125,1194,988,972,1125,1069,1065,935,1194
"44","1992.05.09",1446,NA,1246,1735,1454,1728,1659,1447,1194,1473,1480,1616,1465,1309,1284,1286,1342,1701,1693,1398,1741,1413,1610,1511,1473,1567,1742,1602,1555,1519
"45","1992.06.10",1334,1555,1340,1705,1385,1651,1482,1434,1135,1551,1338,1396,1392,1445,1233,1340,1395,1446,1629,1333,1523,1231,1283,1386,1284,1284,1427,1477,1434,1650
"46","1992.06.26",1237,1180,1019,1289,1187,1391,1237,1139,1037,1128,1082,1125,1183,1130,1035,1068,1071,1076,1435,1138,1383,1021,1134,1234,1069,1077,1143,1142,1134,1237
"47","1992.07.04",1301,1210,1101,1277,1292,1339,1191,1203,1041,1057,1020,1150,1067,1063,990,979,1097,1115,1357,1096,1264,1053,1243,1177,1038,1065,1220,1063,1141,1177
"48","1992.09.30",1433,1326,1109,1382,1373,1382,1430,1368,1244,1248,1248,1325,1250,1181,1675,1320,1515,1249,1496,1365,1473,1182,1366,1438,1248,1434,1358,1245,1368,1440
"49","1992.10.16",1235,923,849,1160,1165,1162,1030,1173,1046,951,962,923,1029,953,1107,950,1308,1097,1304,1037,1172,1021,1104,1096,1089,1100,1235,1100,1102,1172
"50","1992.11.17",1002,859,662,987,826,802,1000,1002,941,807,745,648,726,730,932,907,996,913,1084,925,1166,639,1011,1000,802,1003,1092,921,1085,922
"51","1993.01.20",574,359,357,548,570,556,598,706,725,537,567,NA,441,203,471,218,453,311,689,606,912,438,710,467,310,476,732,580,698,460
"52","1993.02.21",774,532,435,587,693,587,712,797,881,650,605,423,579,579,531,407,493,569,791,635,635,589,721,601,474,614,748,618,703,594
"53","1993.03.09",727,591,517,777,652,558,665,678,1008,776,792,672,783,637,940,562,478,709,668,805,820,711,811,718,539,792,886,666,733,792
"54","1993.04.10",1136,1012,755,1077,1078,1015,1077,1136,1024,1444,1312,947,1257,1262,1478,953,891,1261,1244,1245,1557,1134,1416,1311,1077,1308,1864,1134,1134,1078
"55","1993.06.13",1317,1090,876,1474,1264,1420,1366,1272,860,1046,1059,1102,996,1052,961,985,1038,1000,1369,964,1269,995,1112,1055,1044,1006,1270,1219,1266,1009
"56","1993.06.29",1095,1060,837,1237,1243,1348,1142,1151,832,849,922,1070,913,854,937,902,1070,796,1252,940,1205,913,1091,975,1012,871,1159,1050,1090,933
"57","1993.07.31",1351,1459,1218,1459,1177,1515,1290,1141,1129,867,1006,976,1115,867,1182,1045,1284,876,1460,1186,1511,1226,1347,1626,1637,1740,1198,1139,1183,1179
"58","1993.09.17",1907,2404,1729,2262,1553,1947,1783,1771,1944,1445,1557,1869,1506,1577,1551,1905,2401,1635,1666,1664,1760,1699,1790,1752,1573,1367,1533,1360,1364,1618
"59","1993.11.20",882,842,728,1053,873,866,884,969,979,759,699,492,767,475,882,775,961,582,789,892,1060,694,891,783,662,789,815,711,798,871
"60","1993.12.06",900,750,499,782,896,676,810,814,1004,572,715,363,686,572,632,688,901,694,796,723,1090,697,822,701,776,802,1004,810,905,700
"61","1994.01.07",700,561,559,692,589,580,700,798,706,586,503,NA,588,476,509,588,698,588,699,800,973,590,797,799,579,797,797,697,798,802
"62","1994.03.28",898,676,609,888,713,822,779,788,727,562,652,604,768,562,727,643,771,640,779,784,794,766,842,769,551,769,737,783,718,839
"63","1994.05.15",1027,720,725,903,873,1014,869,981,724,620,702,838,804,620,783,805,815,690,982,835,945,690,824,815,953,916,941,943,820,872
"64","1994.05.31",939,800,694,917,836,917,885,946,745,NA,NA,NA,805,NA,NA,NA,NA,NA,NA,890,901,816,825,922,850,974,940,842,770,NA
"65","1994.06.16",1006,798,688,867,898,871,840,963,698,757,786,749,726,642,826,889,844,771,1061,762,828,716,794,780,853,885,822,824,844,849
"66","1994.07.02",1025,816,762,890,968,783,803,825,813,735,701,719,853,725,982,1119,1229,910,1026,764,831,720,802,849,992,1062,931,882,855,967
"67","1994.08.03",1151,944,889,1076,1202,963,872,993,883,852,869,821,916,790,999,1086,1203,911,1155,881,901,681,826,1025,1073,1422,1056,1105,883,1203
"68","1994.10.22",1540,1268,1099,1706,1548,1634,1465,1323,1321,1846,1603,1525,1999,1852,1699,1188,1474,2137,1399,1187,1444,1402,1321,1256,1471,1186,1254,983,1189,1962
"69","1995.02.11",898,NA,393,796,896,889,821,915,NA,796,835,415,799,699,729,699,598,692,824,821,1013,556,713,585,578,NA,1019,824,670,697
"70","1995.03.15",1155,746,667,929,1020,861,954,1030,1418,1443,1630,837,1088,939,1361,1304,1015,1157,1093,1429,1347,1220,1486,1223,923,1296,1287,957,1158,1371
"71","1995.03.31",1325,1070,859,1074,1202,1007,1142,1321,1376,1718,2109,931,1207,1405,1744,1657,1273,1463,1143,1811,1762,1403,1742,1527,1069,1595,1483,1261,1325,1454
"72","1995.05.18",1426,1384,912,1817,1583,1762,1529,1575,964,1701,1375,1324,1483,1648,1321,1268,1489,1537,1629,1111,1568,1321,1426,1265,1267,1264,1621,1424,1428,1430
"73","1995.06.03",1373,1322,978,1920,1523,1810,1529,1470,959,1376,1217,1267,1269,1428,1167,1161,1213,1321,1572,1009,1515,1211,1371,1100,1319,1046,1467,1320,1424,1218
"74","1995.06.19",1299,1190,896,1681,1351,1464,1401,1246,935,1085,1036,1079,1142,1139,940,974,1135,1193,1402,938,1347,1028,1298,1024,1245,969,1345,1147,1247,1036
"75","1995.07.05",1246,1179,882,1635,1246,1463,1294,1246,874,1075,979,1067,1084,1027,934,915,1137,1081,1353,975,1300,1010,1244,1015,1123,1015,1301,1147,1192,979
"76","1995.08.06",1456,1578,1259,1815,1511,1572,1515,1568,1340,1157,1165,1208,1109,1096,1347,1636,1806,1165,1568,1157,1511,1391,1397,1263,1389,1386,1405,1296,1458,1288
"77","1995.09.23",1596,1838,1455,1669,1591,1669,1520,1720,1586,1747,1595,1762,1945,1753,2177,2355,2994,2013,1786,1869,1835,1527,1657,1962,1970,1968,1269,1585,1588,2272
"78","1995.10.09",1468,1397,990,1396,1396,1320,1328,1259,1263,1088,1327,1234,1323,1167,1465,1540,1881,1325,1467,1466,1528,1168,1395,1472,1395,1395,1136,1261,1466,1610
"79","1995.11.10",NA,NA,NA,NA,NA,NA,NA,NA,NA,NA,NA,NA,NA,NA,NA,NA,959,NA,NA,NA,NA,NA,NA,564,564,851,816,1068,1070,964
"80","1995.12.12",1123,552,538,884,1012,884,922,1127,1135,775,929,406,800,775,1040,1022,1132,806,1234,919,1321,778,1130,894,880,905,1045,1028,1026,929
"81","1996.01.13",998,539,393,870,780,749,800,903,917,637,704,396,774,645,914,890,702,552,891,894,1303,876,1208,652,750,773,926,797,1111,905
"82","1996.01.29",909,824,573,774,898,882,916,917,764,779,829,454,799,671,843,913,1021,702,1010,824,1120,779,1024,684,877,702,866,927,926,921
"83","1996.03.17",997,704,719,831,868,762,802,945,819,755,796,724,786,679,685,796,874,773,942,798,901,764,879,768,758,634,780,757,811,938
"84","1996.04.18",903,760,779,864,963,921,841,817,693,692,617,601,832,558,652,850,865,654,927,798,990,707,854,645,864,707,845,884,859,859
"85","1996.05.04",956,850,741,820,864,766,854,871,702,652,746,752,736,648,663,902,919,833,923,755,882,665,907,607,766,774,791,885,811,861
"86","1996.05.20",1025,642,652,782,837,791,919,889,625,725,664,723,707,730,645,822,943,755,847,776,947,733,776,692,732,692,722,812,785,884
"87","1996.06.05",1031,810,717,893,936,792,824,894,671,729,716,672,758,729,693,928,902,646,901,781,908,636,873,806,680,746,726,868,833,896
"88","1996.07.23",2216,2056,1629,3115,1994,2726,2371,1889,2280,1814,2088,2464,1918,1819,2067,2239,2387,2720,1995,2393,2127,1679,2055,2263,2425,1733,2223,1822,2092,3292
"89","1996.08.24",1970,1838,1962,2355,1851,2223,2122,1729,2189,1572,1568,1513,1747,1387,1971,2194,2248,1573,2009,2089,1936,2485,2185,2847,3009,2802,2138,1672,1903,1974
"90","1996.09.25",1937,1932,2023,2488,2055,2161,2213,NA,1970,NA,1957,3378,NA,NA,NA,NA,NA,2094,NA,NA,1911,2082,2023,2144,NA,NA,1773,1730,1847,NA
"91","1996.10.11",1514,1195,1348,1650,1512,1579,1643,1582,1519,1444,1386,1738,1376,1230,1514,1517,1644,1517,1580,1381,1578,1443,1452,1437,1650,1917,1580,1330,1514,1321
"92","1996.11.12",1019,622,608,1017,932,841,1016,1020,1098,684,861,812,767,681,704,943,941,855,1020,856,1166,931,1171,674,841,1098,952,1018,944,939
"93","1996.12.14",968,609,477,1031,1056,929,981,1079,1188,864,902,326,869,851,900,1087,995,968,1154,886,1359,955,1184,726,831,1077,1197,985,1086,977
"94","1997.01.15",804,633,493,786,688,672,817,815,744,582,625,373,591,591,717,716,716,698,1013,508,1109,580,918,469,566,710,930,914,725,806
"95","1997.01.31",932,630,518,992,844,712,945,877,892,563,708,510,663,743,699,786,870,752,858,850,1291,739,1038,624,714,850,993,777,1036,945
"96","1997.03.20",869,632,632,853,807,727,813,822,705,553,516,556,620,549,635,703,757,741,818,684,943,861,818,662,720,928,892,825,880,870
"97","1997.05.07",824,555,665,949,922,903,922,933,729,754,618,777,604,594,575,734,777,702,937,664,989,691,822,583,794,867,813,803,785,775
"98","1997.05.23",996,732,788,1066,944,969,986,960,745,716,740,790,781,760,694,900,894,776,1002,715,1011,815,941,623,788,933,841,876,904,996
"99","1997.06.08",938,634,687,1014,936,1066,929,945,594,716,591,847,725,711,642,791,798,721,943,679,906,716,788,650,704,927,776,819,798,893
"100","1997.06.24",987,637,744,963,987,966,884,997,741,728,693,798,831,617,655,848,802,827,994,785,908,662,789,706,810,882,787,828,855,898
"101","1997.08.27",1717,2072,1640,3031,2269,2692,2441,2198,1930,2563,2247,2318,2207,1996,2524,2741,3292,2956,2041,1673,2101,1683,1820,1691,2042,2545,2206,1805,2284,2402
"102","1997.09.28",1964,1846,1496,2126,1712,2126,1998,1649,1701,1673,1535,1713,1677,1614,1915,2040,2234,1858,1768,1733,1906,1744,1820,1417,1689,1981,1678,1518,1686,1791
"103","1997.10.14",1429,1499,1046,1588,1425,1588,1534,1346,1280,1441,1168,1359,1239,1245,1553,1616,1560,1632,1423,1175,1498,1240,1346,1116,1185,1238,1153,1101,1223,1616
"104","1997.12.17",948,599,582,640,853,743,950,949,864,563,502,NA,560,658,675,681,669,574,757,569,1112,648,862,524,524,762,869,684,861,857
"105","1998.01.02",790,570,666,735,776,742,893,815,734,579,522,NA,452,461,501,701,689,579,877,489,1009,757,813,520,530,NA,925,707,992,781
"106","1998.01.18",889,417,262,774,695,873,804,709,647,598,622,380,593,493,611,521,609,595,790,504,908,591,730,460,672,705,747,714,728,705
"107","1998.02.19",808,591,489,708,804,708,819,896,669,393,573,302,376,456,478,476,556,547,811,391,751,449,738,341,525,486,686,567,744,716
"108","1998.04.08",945,808,681,875,838,821,839,847,738,537,722,806,651,521,724,944,713,766,842,716,954,883,843,809,696,830,807,902,899,890
"109","1998.04.24",1038,1120,889,964,1186,1016,1087,1044,988,910,1030,1061,916,853,1031,1184,969,1021,1039,972,1143,1288,1186,1063,1067,1235,1145,1191,1191,1030
"110","1998.05.10",1267,1385,953,1379,1365,1324,1363,1402,1025,1223,1222,1280,1173,1171,1072,1173,1072,1223,1411,1116,1446,1172,1316,1169,1170,1322,1446,1356,1594,1170
"111","1998.05.26",1079,1032,1021,1044,1022,1034,1011,1009,1089,1084,1086,1094,1032,1029,1036,938,1035,1083,1014,1033,1002,1029,1030,977,1032,1181,1003,1015,1056,1135
"112","1998.06.11",916,943,834,908,1159,907,962,919,825,907,869,941,914,799,776,914,914,909,1161,811,1165,896,1062,941,1051,961,1031,1120,1118,1014
"113","1998.06.27",1294,1187,1024,1151,1392,1500,1342,1298,955,1035,994,1187,1040,982,1000,1044,1043,1091,1343,1091,1343,1087,1296,1026,1291,1243,1249,1298,1439,1146
"114","1998.08.30",2075,2733,1671,2511,1792,2398,2103,1833,1844,1248,1751,2321,1188,1130,1034,1193,1419,2049,1685,2267,2083,2554,2314,1482,1657,1301,1514,1619,1779,1419
"115","1998.10.01",1384,1330,1189,1518,1383,1516,1381,1264,1095,887,1149,1057,890,752,783,964,964,1081,1206,1147,1540,1568,1489,1068,1071,891,1103,1039,1153,1154
"116","1998.11.02",1209,706,796,1141,998,1063,1138,1139,942,686,858,620,607,682,653,781,701,919,922,867,1138,1068,1072,829,989,774,950,866,871,933
"117","1998.12.04",941,642,752,1015,851,826,951,863,808,539,594,397,448,532,504,749,652,752,749,593,1048,847,966,607,719,546,815,868,879,771
"118","1998.12.20",756,518,511,708,833,813,849,852,704,714,660,367,413,610,469,534,831,735,742,578,1120,844,1039,593,600,526,873,764,771,747
"119","1999.01.05",753,468,580,732,748,732,931,753,521,837,664,201,440,535,660,741,559,651,842,491,932,745,767,408,517,541,692,753,674,662
"120","1999.02.06",832,645,551,707,898,795,987,912,708,465,597,439,547,540,592,738,731,488,820,597,930,660,923,607,618,636,721,768,769,901
"121","1999.04.27",826,643,647,887,721,681,817,738,529,677,552,490,580,615,462,701,753,582,821,666,840,699,724,609,517,630,708,705,689,769
"122","1999.05.13",838,626,578,702,737,757,647,750,503,553,580,482,662,601,497,623,627,568,742,640,759,625,787,598,601,514,587,677,657,786
"123","1999.06.14",869,788,697,867,815,776,857,832,574,619,644,750,629,554,623,887,792,633,818,709,837,692,675,656,814,716,756,757,781,814
"124","1999.06.30",845,716,727,789,738,749,783,800,581,747,720,677,705,637,580,822,822,701,784,733,722,572,702,631,740,604,675,683,706,787
"125","1999.08.17",2556,2562,3086,2802,3153,2419,3221,3190,2644,3052,3102,4419,3525,3924,3082,3980,3866,3494,2983,2977,3627,3743,3246,2939,3761,3314,3758,3308,3219,3287
"126","1999.09.18",1874,2403,2216,2971,2441,2851,2722,2357,1980,3203,2999,4205,3316,3462,2909,3430,3366,3264,NA,1891,2123,2282,2101,1918,2455,2144,2259,2242,2495,2932
"127","1999.10.04",1621,1886,1892,2342,1964,2397,2228,1826,1362,2134,1936,2217,2443,2251,2079,2040,2801,2476,2071,1688,1684,1710,1549,1778,1938,1647,NA,NA,1752,2240
"128","1999.11.05",1312,1175,995,1561,1238,1555,1503,1307,1100,1299,1229,1176,1366,1433,1368,1498,1843,1304,1454,1244,1234,1173,1239,1249,1330,1392,1101,1099,1299,1518
"129","1999.11.21",1270,1316,1024,1462,1190,1370,1324,1334,1031,1249,1240,1123,1323,1176,1318,1393,1611,1254,1187,1024,1326,1025,1029,1204,1114,1108,1244,1029,1250,1485
"130","1999.12.23",943,727,712,1047,1038,944,1110,1032,943,1105,1019,473,941,862,1181,1099,1262,1107,945,848,1190,743,1030,946,946,1035,863,1030,1112,1195
"131","2000.01.08",1015,709,695,1027,832,1026,1260,1007,1003,1162,995,580,1165,1084,1162,1321,1240,921,1013,924,1089,927,1098,928,825,1021,1000,922,1171,1171
"132","2000.02.09",972,945,743,1041,968,1041,1127,1125,845,1058,1000,843,989,989,1062,1127,1196,988,975,810,1053,868,900,872,954,887,858,910,1057,1130
"133","2000.03.12",951,807,731,882,772,820,1006,839,778,793,796,947,789,733,847,1006,1060,896,1068,764,1007,816,768,816,881,825,684,785,897,1007
"134","2000.04.13",837,685,792,1027,842,974,1084,897,690,765,771,969,762,758,769,998,999,753,989,773,895,751,776,808,918,980,770,810,899,946
"135","2000.06.16",989,835,881,1094,1028,1052,1129,995,736,830,796,1144,784,822,788,1059,1018,907,1036,870,992,930,870,900,1049,1016,789,800,954,1099
"136","2000.08.03",1527,1369,1254,1693,1420,1530,1523,1222,1372,746,808,1037,741,790,912,1163,1416,845,1372,1211,1423,1425,1424,1584,1476,1425,1137,1132,1226,1419
"137","2000.09.04",2798,2286,2795,2276,2736,2876,2666,2668,2131,2356,2412,2422,2234,2358,2856,2229,2346,2600,2831,2410,2613,2864,2951,2888,2872,2644,2348,2613,2507,2961
"138","2000.10.06",1498,1445,1450,1309,1189,1308,1140,1198,1135,1575,1626,1677,1575,1777,1312,1561,1626,1972,1316,1054,1202,1045,1135,1115,1244,1120,1042,1022,1025,1761
"139","2000.11.23",785,530,827,952,1048,950,968,971,720,690,799,603,685,697,703,790,777,685,879,865,810,683,965,669,769,775,901,726,890,788
"140","2000.12.25",864,493,716,1124,954,921,995,1067,988,663,802,695,663,663,690,774,763,756,1053,847,1086,804,1076,908,921,1030,1029,974,994,769
"141","2001.01.26",598,424,609,664,950,943,791,879,791,501,704,603,411,328,604,775,588,588,783,672,800,664,871,749,751,759,740,691,712,596
"142","2001.02.11",793,499,671,700,717,781,804,954,878,462,723,471,462,466,717,714,545,460,797,707,878,690,726,527,699,701,749,648,660,472
"143","2001.03.15",843,753,819,765,788,831,854,796,1031,643,972,815,637,382,907,967,834,574,911,713,1032,828,1029,897,831,833,813,796,854,713
"144","2001.03.31",1218,850,846,1041,1049,983,1266,1003,1106,1044,1550,972,747,689,1330,1277,1042,1044,1109,1104,1530,1100,1435,1159,1160,1158,1314,1109,1375,926
"145","2001.04.16",1257,1105,944,1389,1352,1164,1549,1390,1048,1270,1881,1421,999,998,1349,1188,1090,1166,1347,1208,1682,1441,1564,1330,1539,1377,1571,1362,1597,972
"146","2001.08.22",1957,2291,1865,2182,2015,1951,2054,1893,1912,1500,1719,2458,1605,1379,1375,1378,1382,1862,1799,2280,2159,2134,2452,2375,2629,2248,2034,2102,2202,1019
"147","2001.09.07",1623,2092,1711,1862,1882,1741,1869,1700,1489,1452,1386,2144,1505,1389,1324,1207,1149,1391,1705,1900,1916,1804,2034,2106,2256,2154,1897,1694,2020,955
"148","2001.09.23",1402,1890,1544,1849,1637,1658,1571,1573,1458,1537,1532,2016,1205,1271,1214,1275,1337,1402,1694,1583,1801,1401,1814,1595,1839,1656,1566,1513,1743,805
"149","2001.10.25",980,797,798,1047,984,1048,1059,990,796,663,683,797,588,660,768,910,1057,734,1056,845,1257,908,1060,914,1126,840,1003,993,1062,700
"150","2001.12.28",613,633,506,789,810,789,921,736,927,672,601,358,684,565,606,706,717,680,908,731,1103,799,923,714,904,817,852,731,924,575
"151","2002.01.13",866,498,493,755,773,755,965,878,965,646,574,470,544,541,580,868,778,646,868,695,1228,670,880,674,859,677,888,874,878,651
"152","2002.02.14",595,511,518,650,761,738,854,778,703,558,586,412,558,469,591,597,678,552,693,611,1003,579,853,585,585,590,662,701,780,558
"153","2002.03.02",615,566,656,747,897,821,835,769,635,517,542,485,528,517,470,617,619,590,767,628,901,676,771,608,755,615,721,706,706,594
"154","2002.05.21",877,685,639,811,787,812,794,853,637,647,662,744,548,533,664,781,632,640,940,644,888,707,788,722,727,670,682,714,704,640
"155","2002.06.22",863,649,774,787,870,894,880,835,708,673,692,771,567,611,642,802,863,667,793,778,973,682,822,599,759,699,766,754,837,713
"156","2002.07.24",902,920,815,950,832,894,787,891,762,968,996,866,792,904,862,988,934,1025,888,944,1004,775,833,856,957,802,NA,968,909,1084
"157","2002.08.25",1774,1995,1747,2578,1956,2462,2154,1674,1802,2203,2287,3006,1958,2100,2171,2658,2994,3264,2061,1749,2045,2138,2008,1367,1545,1188,1659,1673,1891,3134
"158","2002.09.26",1345,1121,1263,1605,1537,1604,1715,1480,1244,1156,1111,1404,1220,1149,1098,1233,1477,1859,1596,1177,1422,1145,1359,1143,1218,1086,1536,1423,1537,1541
"159","2002.11.13",888,649,642,963,969,1045,1130,978,915,715,819,627,703,792,734,894,898,893,1049,744,1131,959,1130,616,872,793,919,807,984,891
"160","2002.12.31",680,237,346,666,684,666,907,607,548,352,604,325,352,343,591,695,695,692,794,607,907,568,999,223,560,350,749,805,816,692
"161","2003.02.01",556,168,582,719,731,628,670,752,599,364,405,239,357,260,386,569,492,476,744,492,918,434,594,156,343,537,555,664,838,564
"162","2003.04.06",736,579,516,845,910,670,966,810,701,555,629,577,550,483,625,632,740,555,912,748,1017,781,859,670,674,730,772,705,810,558
"163","2003.04.22",755,716,714,958,865,905,1076,976,719,626,595,946,622,568,598,760,653,632,1076,865,976,624,818,682,691,742,891,879,928,640
"164","2003.05.08",730,639,753,978,886,877,940,850,694,557,580,755,452,446,586,689,534,510,990,694,991,613,745,613,775,675,771,804,898,627
"165","2003.05.24",860,552,668,1002,873,1007,1025,844,641,547,571,675,437,537,576,676,580,608,982,689,843,527,783,692,755,755,771,803,840,605
"166","2003.06.25",970,723,674,1057,1022,1006,978,895,735,592,766,786,747,689,672,823,923,759,933,784,846,682,831,701,858,759,865,900,800,759
"167","2003.08.12",1331,1382,1202,1096,1224,978,855,1495,1334,1896,1497,1446,1616,1617,1767,2824,3199,1965,1805,1018,931,867,915,1163,1497,1053,1639,1291,1443,1789
"168","2003.09.13",1676,2172,1666,1446,1557,1443,1314,1425,1588,1443,1789,1791,1447,1560,1715,2538,2885,1829,1761,1558,1649,1519,1602,1498,1501,1494,1502,1656,2102,2068
"169","2003.09.29",1294,1722,1289,1225,1042,1225,1173,1173,1414,1293,1416,1504,1227,1093,1484,1986,1996,1629,1665,1295,1182,1227,1058,1285,1219,1223,1298,1295,1236,2170
"170","2003.12.18",848,357,583,734,656,516,761,674,693,547,673,308,435,435,762,578,758,645,946,767,862,539,776,643,632,661,868,668,856,653
"171","2004.01.03",648,407,756,825,738,708,688,872,983,520,492,344,503,512,674,764,654,724,857,681,805,622,887,409,606,750,904,757,876,640
"172","2004.01.19",596,272,475,565,518,667,554,642,582,473,543,348,357,465,423,510,492,475,715,646,752,580,752,588,565,609,774,724,654,388
"173","2004.03.07",539,303,614,585,549,514,635,707,468,516,559,361,298,434,553,474,408,506,762,704,595,522,589,469,520,680,612,562,703,434
"174","2004.04.24",1037,1031,972,1089,1190,1087,1088,1137,1037,869,931,1033,978,921,931,1037,1036,1036,1290,1283,1183,1089,1136,1350,1196,1341,1274,1089,1337,809
"175","2004.06.11",947,821,876,1089,996,1091,1000,1005,906,684,608,931,635,678,702,749,649,678,1096,1005,1095,889,956,994,1040,1046,961,867,906,621
"176","2004.07.29",1096,941,819,961,988,1075,946,851,748,687,614,833,623,731,726,703,749,727,898,1506,1407,1081,1306,1355,1245,1047,1025,818,1011,604
"177","2004.08.30",1246,1356,1440,1476,1433,1566,1433,1284,1477,12220,1277,1455,1298,1498,1240,1383,1304,1450,1442,1304,1354,1409,1451,1499,1538,1583,1554,1538,1438,1413
"178","2004.09.15",1033,1114,912,1008,973,1008,1038,898,940,696,788,649,558,623,736,962,775,617,1033,1158,1268,967,1117,NA,1019,1096,NA,848,895,942
"179","2004.11.02",1032,856,669,954,810,950,958,1033,763,638,668,666,635,635,672,739,732,635,1034,963,967,955,964,736,874,814,903,684,894,641
"180","2004.12.20",870,371,464,647,666,647,605,788,641,456,595,NA,557,438,595,686,575,450,772,705,972,571,888,577,553,777,648,786,531,556
"181","2005.03.10",761,605,688,658,685,591,709,777,661,441,500,612,433,367,553,608,387,433,761,714,852,806,721,685,601,703,628,598,665,430
"182","2005.04.11",1012,684,812,888,902,888,907,916,711,829,786,1052,706,767,629,953,828,706,962,1011,1015,790,912,841,889,1112,921,867,861,700
"183","2005.04.27",1039,780,899,1078,985,1025,990,945,793,802,665,1019,797,687,721,769,755,682,1186,846,998,770,895,928,919,1033,909,949,945,797
"184","2005.05.13",1051,654,766,942,906,1045,861,914,634,730,649,829,728,671,700,800,641,666,1146,870,875,748,866,802,893,906,879,828,917,610
"185","2005.06.14",989,664,677,861,879,915,837,803,605,641,571,745,530,580,680,670,658,634,985,802,859,718,752,774,710,882,819,820,705,625
"186","2005.07.16",913,552,683,767,753,777,762,825,558,665,642,644,593,654,639,725,663,585,913,730,690,567,717,699,674,804,744,700,681,686
"187","2005.08.01",1267,1044,821,962,833,913,906,909,809,1012,984,1002,834,904,825,812,959,878,894,866,828,879,910,827,809,1001,939,1084,1015,1051
"188","2005.09.02",1267,1415,1287,1418,1424,1361,1426,1480,1209,1770,1534,2028,1598,1718,1984,2103,1765,2625,1749,1692,1738,1304,1586,2039,2501,1808,1966,2007,2209,2954
"189","2005.09.18",1130,1066,934,1220,1174,1157,1238,1240,852,1526,1234,1536,1221,1342,1697,1581,1644,1767,1406,1294,1351,932,1241,1522,1770,1461,1565,1406,1514,1941
"190","2005.10.20",1011,653,723,986,997,1128,1135,1009,704,997,945,891,994,789,1008,1070,1068,1133,1067,947,1081,861,1013,1000,1197,1004,1142,1013,1198,1135
"191","2005.11.05",950,630,710,918,855,918,947,1018,624,861,808,719,855,856,877,948,870,1011,1082,814,1154,787,887,936,1004,943,1090,1017,1022,942
"192","2005.11.21",915,504,586,816,745,721,835,915,489,827,756,388,749,827,915,759,987,987,989,841,919,478,989,754,830,836,1060,991,919,987
"193","2006.02.25",940,363,524,786,727,577,746,877,571,728,554,524,588,722,621,682,808,667,871,755,827,593,697,736,726,619,652,692,760,675
"194","2006.03.13",714,473,547,729,688,601,758,768,429,678,641,495,611,675,643,640,757,680,813,607,833,680,769,694,735,755,787,775,720,753
"195","2006.04.30",745,500,606,692,721,743,729,745,500,657,627,566,653,611,585,775,775,503,778,662,800,617,740,681,756,683,714,715,705,585
"196","2006.06.01",761,498,599,769,703,771,663,716,516,644,612,618,598,589,661,669,712,580,804,600,678,554,673,669,602,754,775,685,638,708
"197","2006.06.17",923,603,758,825,758,783,726,782,576,749,758,766,649,689,676,867,821,699,911,786,796,697,730,767,795,856,753,799,791,771
"198","2006.08.20",2262,2895,2091,2438,1932,2377,2194,1807,1981,2149,2149,2081,2104,2347,2601,2600,2489,2582,2657,2789,2570,2123,2653,2456,2134,2393,2939,2898,2511,1932
"199","2006.09.21",1414,1865,1806,1239,1103,1120,1068,1245,1109,1343,1456,1556,2095,1232,1960,2030,2028,1987,1072,2841,1291,1961,2213,2672,1885,1616,2455,2311,1273,1234
"200","2006.11.08",1247,1000,726,1173,1174,1253,1458,1385,842,1250,1386,814,1322,1248,1248,1246,1319,1538,1391,1244,1174,1025,1449,1324,1174,1246,1111,1105,1109,1474
"201","2006.11.24",1163,964,845,976,1076,1158,1317,1240,799,1164,1239,735,1163,1085,1164,1163,1242,1318,1079,994,1241,996,1239,1160,1155,1319,1025,1083,1163,1086
"202","2006.12.26",1074,632,733,975,891,787,1071,988,678,989,996,492,905,990,990,990,905,990,893,900,990,982,1071,890,973,893,839,1073,907,985
"203","2007.01.27",782,531,509,752,773,757,1028,1025,575,630,591,503,635,791,630,705,705,640,782,782,951,688,876,761,742,685,808,862,869,624
"204","2007.03.16",901,658,652,1055,773,817,1065,1012,575,486,581,585,611,611,608,716,657,619,1008,895,903,710,902,819,989,767,912,901,1012,650
"205","2007.04.01",1084,719,652,1301,1027,1300,1236,1083,675,542,617,574,595,545,545,650,648,601,1133,978,1082,813,933,1023,1017,971,1035,1084,1084,637
"206","2007.04.17",1117,1003,783,1269,1166,1373,1214,1120,732,713,773,718,661,664,765,812,914,765,1309,1164,1071,916,973,1166,1272,1115,1028,1260,1262,857
"207","2007.05.03",1009,886,780,1144,1097,1144,1144,964,631,758,675,932,657,613,663,903,810,807,1237,1142,915,1000,915,1094,1145,1143,924,962,1007,896
"208","2007.05.19",1100,872,915,1177,1091,1129,1049,1011,719,802,716,965,751,755,802,991,850,896,1185,1186,1054,943,1049,1132,1128,1086,1012,1012,1054,934
"209","2007.06.20",1056,974,971,1078,998,1081,953,962,717,651,714,1017,791,697,852,802,848,797,1051,1051,1010,899,960,1036,1028,900,926,969,826,834
"210","2007.07.06",1150,957,900,1018,1133,1069,1093,1003,703,817,739,997,818,714,872,927,1031,920,1046,1191,1009,880,910,1075,1012,880,924,924,866,917
"211","2007.08.23",2119,2981,2640,2600,2412,2710,2454,2172,2040,3187,2781,3024,3143,3660,3838,3707,3826,3132,2238,2341,2179,2721,2233,2598,2698,2618,2653,2971,2077,2635
"212","2007.09.08",1724,2247,2234,1807,1964,1930,1732,1781,1564,3066,2639,3319,2848,3177,3312,2990,3203,2859,1902,1951,1727,1962,1892,2322,2220,2307,1504,1790,963,2473
"213","2008.03.02",850,429,641,606,633,670,641,714,476,344,504,286,470,NA,446,423,566,197,572,640,780,623,716,743,673,687,745,649,592,522
"214","2008.03.18",754,574,698,774,731,713,738,745,470,533,551,534,462,475,502,605,551,457,681,795,691,787,800,655,843,782,663,694,697,452
"215","2008.04.03",809,634,687,814,781,697,784,745,591,427,497,526,414,420,518,607,663,525,735,682,684,667,739,760,819,661,671,694,696,513
"216","2008.05.05",950,653,846,755,741,697,787,751,605,505,562,775,495,500,582,723,726,543,741,736,741,768,694,758,765,717,685,713,705,633
"217","2008.05.21",1020,742,885,840,811,737,811,775,583,595,603,761,532,585,625,756,759,637,725,774,774,708,820,797,846,799,626,698,732,618
"218","2008.06.06",874,632,774,683,706,680,609,719,526,582,535,756,577,530,521,649,745,571,760,712,757,697,762,690,745,645,572,686,675,607
"219","2008.06.22",919,671,804,760,743,712,694,755,552,513,523,734,510,608,593,684,688,652,703,650,657,777,797,718,824,676,654,727,573,589
"220","2008.09.10",2091,2172,2716,2153,2117,2037,1867,1978,2216,2008,2413,2602,2427,2728,2589,2521,2967,3287,2169,1924,2165,2430,2221,2526,2465,2331,2568,2803,2692,2018
"221","2008.10.12",1457,1128,1273,1129,1270,1344,1334,1206,1145,1271,1139,1200,1134,1204,1138,1650,1471,1731,1271,1206,1140,1270,1204,924,1063,1204,1208,1015,1142,1679
"222","2008.10.28",1128,865,1021,1031,1045,1033,1054,924,864,983,851,927,767,979,845,1198,1193,1193,1050,917,1058,1119,1062,891,963,980,942,1052,920,1192
"223","2008.11.29",995,559,753,683,899,772,826,737,758,734,667,402,728,649,375,765,918,649,829,990,908,813,833,793,787,448,772,723,912,828
"224","2008.12.31",859,497,711,540,659,533,676,682,610,482,511,206,489,401,680,608,591,675,667,487,678,468,775,541,546,759,700,575,684,680
"225","2009.01.16",842,396,702,729,651,532,672,674,520,397,508,227,397,488,587,682,591,587,745,574,499,656,843,545,543,746,618,662,590,499
"226","2009.02.01",680,312,687,621,648,526,589,748,603,400,507,247,316,398,500,513,502,495,571,495,746,478,516,452,542,739,696,660,671,417
"227","2009.03.21",876,489,682,639,792,692,745,642,577,474,422,490,409,469,450,454,492,422,682,615,615,600,632,704,779,739,680,750,757,488
"228","2009.05.08",905,546,756,704,693,650,695,661,500,519,424,720,420,456,495,597,482,524,700,591,588,725,601,718,733,695,603,618,614,471
"229","2009.07.27",1036,864,1033,917,905,803,808,917,706,599,769,764,652,639,783,717,599,592,861,845,746,828,808,940,851,1111,714,683,720,690
"230","2009.08.28",1903,2237,1545,1718,1493,1892,1699,1594,1540,2222,1445,1429,1455,1455,1745,1757,1734,1789,1555,1875,1648,1990,1647,1711,1843,1813,1896,1702,1858,1836
"231","2009.09.29",1197,950,1154,1098,1065,1098,1192,1132,1080,847,929,926,785,844,881,857,918,844,1067,1177,1423,1239,1248,1232,1483,1482,1151,1195,1310,1039
"232","2009.10.15",1065,851,932,876,1050,1090,1002,1000,883,749,706,746,749,541,786,765,833,673,990,979,1059,979,997,1032,1174,1185,1024,1059,1066,819
"233","2009.11.16",1116,643,828,770,881,770,970,897,842,629,497,331,623,629,740,797,716,537,958,884,976,803,977,790,952,1041,983,965,969,629
"234","2010.04.09",1333,1281,1221,1172,1269,1273,1281,1334,1180,1105,1344,1045,1099,1253,1101,1232,1262,1094,1123,1206,1177,1004,1032,1006,1124,1026,946,979,1033,540
"235","2010.04.25",1224,1409,1511,1256,1663,1556,1665,1516,1275,1295,1664,1264,1234,1342,1513,1159,1187,1785,1570,1461,1615,1612,1765,1763,1413,1460,1573,1170,1466,1485
"236","2010.05.27",1148,1114,1062,966,1094,1068,1144,1146,822,861,824,1312,856,905,883,1017,921,803,1285,1032,1096,1080,1094,1075,1229,1232,981,1014,1053,803
"237","2010.06.12",1181,944,1093,998,1119,898,1044,1085,843,835,897,1186,782,838,868,907,846,785,1122,977,1175,1013,1173,NA,NA,NA,929,1006,1039,887
"238","2010.08.15",1567,1789,1567,1678,1453,1566,1456,1343,1567,1734,1439,1579,1566,1685,1456,1664,1780,1420,1789,1231,1234,1536,1211,1431,1562,1655,1505,1769,1777,1241
"239","2010.09.16",2489,2022,2329,2583,2245,2260,2350,2576,2258,2129,2697,2417,2420,2468,2375,2257,2718,2824,2090,2512,2261,2112,2573,2696,2212,2221,2164,2106,2249,1867
"240","2010.10.02",1624,1836,1968,1558,1500,1563,1501,1149,1562,1361,1302,1706,1370,1294,1686,1923,2345,1630,1870,1561,1377,1690,1500,1761,1624,1753,1506,1438,1321,1955
"241","2010.11.03",1168,946,1132,908,1028,908,1110,1036,1120,751,841,682,791,751,1169,1239,1448,902,1021,1016,972,940,1107,1005,1077,1233,989,1096,1027,667
"242","2010.12.05",1043,616,843,897,864,891,1055,961,1074,706,724,580,833,706,955,1124,1207,796,852,1023,975,940,1055,920,927,1125,915,865,865,697
"243","2011.01.22",724,773,790,558,704,736,903,886,846,745,500,548,686,656,808,813,822,656,792,689,812,689,899,670,763,877,769,790,724,552
"244","2011.02.07",814,678,785,650,788,650,823,816,772,571,596,380,701,580,733,1029,824,666,790,607,814,697,888,585,676,782,700,724,804,571
"245","2011.03.11",791,752,712,656,726,590,746,795,635,724,545,546,571,597,665,850,743,659,661,624,733,692,730,613,688,769,758,672,725,722
"246","2011.03.27",881,781,747,760,820,642,834,728,728,696,712,663,670,575,713,828,836,632,820,615,723,679,824,542,675,800,750,830,816,638
"247","2011.04.12",758,776,743,694,750,534,815,816,659,629,539,668,770,529,699,859,865,752,802,660,805,674,747,649,672,678,820,704,704,578
"248","2011.04.28",906,715,894,690,804,690,772,778,664,676,595,721,720,682,708,822,822,740,809,615,810,771,753,609,731,828,698,723,618,736
"249","2011.05.14",898,810,835,686,760,732,817,859,661,776,738,719,766,723,799,946,906,729,896,710,845,859,795,750,820,733,740,769,750,719
"250","2011.05.30",970,890,869,812,790,714,753,840,730,754,672,851,741,759,737,976,808,819,834,786,749,748,819,695,846,803,726,762,699,754
"251","2011.06.15",960,833,811,806,831,760,887,842,682,701,660,847,788,654,775,967,890,751,869,737,778,749,858,775,798,796,724,801,743,701
"252","2011.08.18",1837,2336,2017,1672,1524,1614,1779,1236,1624,1499,1501,2374,1395,1389,1675,2311,2933,2015,1527,1093,2970,1366,1990,2578,2989,2810,2221,1935,1475,1849
"253","2011.09.03",1465,2700,1571,1393,1366,1513,1631,1272,1359,1339,1341,1573,1461,1277,1742,2061,2446,2158,1740,1975,1793,2035,1858,2505,2873,2972,2447,1848,2003,1635
"254","2011.09.19",2913,2763,2880,2684,2671,2687,2008,2506,1731,1565,1500,2089,1683,1440,2025,2032,2215,2243,1897,2113,2228,2404,2313,2677,2574,2927,1930,1615,1727,2416
"255","2011.10.05",1551,2170,1412,1416,1430,1415,1607,1322,1314,1354,1425,1627,1360,1093,1371,1487,1676,1809,1552,1681,1729,1678,1610,1949,1805,2115,1439,1374,1315,1941
"267","2011.11.11",1357,1137,1061,1122,1130,1053,1150,1111,1108,993,1005,807,1064,1074,1101,1180,1211,1072,1158,1130,1267,1013,1244,1172,1206,1185,976,1047,1070,1218
"256","2013.03.26",1183,898,946,1000,1040,974,1030,1027,888,768,798,778,798,812,861,837,776,788,1102,904,1101,908,1035,1267,1310,1245,1045,1103,1119,781
"257","2013.05.03",1114,1010,1056,1074,1094,1076,1061,1065,853,857,803,1061,870,901,814,874,882,810,1116,914,1027,934,976,1096,1174,1095,943,1065,987,907
"258","2013.05.19",1191,1032,1087,1089,1101,1086,1076,1058,842,905,828,1096,915,928,845,970,972,848,1152,911,1047,925,978,1098,1143,1108,942,1048,980,958
"259","2013.06.04",1158,1064,1101,1091,1091,1067,1059,1053,840,897,848,1120,887,931,866,988,975,925,1146,905,1036,938,999,1098,1146,1083,916,1023,982,977
"260","2013.06.20",1188,1037,1035,1068,1068,1040,1045,1035,797,918,861,1124,959,928,880,1047,985,1044,1095,920,1004,902,964,1049,1088,1066,899,1049,949,981
"261","2013.07.06",1266,1113,1123,1134,1136,1145,1138,1136,917,1095,1091,1224,1111,1130,1022,1174,1166,1138,1185,1005,1086,1015,1062,1155,1181,1149,995,1044,1043,1186
"262","2013.08.07",2548,2887,2581,2702,2576,2223,2503,2331,2625,3118,3193,3611,3262,3413,3952,3593,3723,3180,2360,2483,2713,2472,3108,3306,3004,3147,2857,2672,2803,3123
"263","2013.08.23",1665,1984,1605,1640,1825,1548,1679,1966,1555,2569,2651,3418,2787,2654,2731,2770,2661,2645,2079,1746,1765,1450,1901,1972,1914,1885,1289,1295,1295,2819
"264","2013.09.24",1854,2158,1485,1684,1659,1449,1525,1513,1465,1561,1571,1482,1648,1546,1597,1616,1605,1735,1736,1780,1701,1312,1808,1836,1691,1744,1244,1343,1454,1653
"265","2013.10.10",1587,NA,1532,NA,NA,1454,NA,NA,1402,NA,NA,NA,NA,NA,NA,1486,1555,NA,NA,1609,1495,1316,1510,NA,NA,NA,1199,NA,NA,NA
"266","2013.10.26",1424,1425,1181,1234,1248,1120,1179,1127,1147,1056,1037,941,1108,1080,1132,1186,1157,1136,1210,1187,1313,1042,1292,1181,1212,1242,963,1045,1100,1188
"267","2013.11.11",1357,1137,1061,1122,1130,1053,1150,1111,1108,993,1005,807,1064,1074,1101,1180,1211,1072,1158,1130,1267,1013,1244,1172,1206,1185,976,1047,1070,1218
"268","2013.12.13",1143,810,822,986,1001,895,1052,997,1007,863,869,494,850,896,949,1011,1002,929,1052,969,1212,870,1152,996,1052,1033,923,952,1030,947
"269","2013.12.29",1049,731,809,935,949,824,1030,932,869,763,800,451,747,829,861,937,898,824,963,858,1096,800,1060,921,902,914,848,957,953,889
"270","2014.01.14",1025,711,724,920,912,824,1008,951,831,749,758,489,712,770,833,940,885,772,956,832,1131,755,1046,861,883,882,842,824,915,845
"271","2014.02.15",1034,765,884,951,916,897,1010,922,825,775,758,654,759,802,843,953,934,886,989,834,1036,814,1017,876,872,873,829,891,875,877
"272","2014.03.19",1200,930,977,1090,1005,987,1097,1009,875,763,779,784,760,815,827,914,890,885,1063,891,1083,878,1024,947,1039,987,905,960,1013,858
"273","2014.04.04",1183,1008,1051,1180,1091,1073,1172,1048,877,818,826,915,796,861,857,957,935,905,1135,895,1076,952,1035,945,1027,966,869,1005,1017,NA
"274","2014.04.20",1226,1080,1196,NA,NA,NA,NA,NA,901,922,922,1208,839,948,NA,1039,1007,951,1268,1029,1244,1075,1197,1069,NA,1059,NA,NA,NA,978
"275","2014.05.06",1126,1007,1062,1108,1104,1039,1082,1014,811,807,789,1060,765,847,832,924,920,844,1123,869,1050,931,1039,946,1001,942,848,992,939,915
"276","2014.06.07",1097,982,1064,1108,1078,1046,1053,994,788,830,839,1046,790,866,821,932,946,982,1090,869,1023,943,1025,935,971,914,824,933,896,892
"277","2014.06.23",1148,1008,1086,1122,1093,1066,1068,1021,847,875,882,1102,878,909,886,1045,1015,1030,1125,904,1085,1008,1079,981,1017,970,849,961,930,1001
"278","2014.07.09",1205,1108,1092,1151,1099,1106,1149,1034,869,990,903,1165,898,1009,953,1118,1033,966,1100,1019,1127,1036,1105,1025,1022,1011,950,1018,1007,1040
"279","2014.07.25",1340,1591,1236,1506,1351,1311,1405,1322,1093,1274,1359,1633,1213,1293,1277,1787,1868,1858,1380,1184,1261,1222,1336,1063,1148,1225,1125,1325,1257,1202
"280","2014.08.26",2895,3890,2879,NA,2575,NA,2778,2270,2893,2318,2758,4561,2169,2227,2019,2223,2193,3153,2323,NA,2697,3368,3214,NA,NA,NA,NA,NA,NA,1476
"281","2014.09.11",2305,3232,2622,2386,1925,2204,2349,1958,2100,1609,1890,2817,1569,1500,1616,1524,1576,2164,1973,2259,2134,2829,2491,2781,2708,2957,2258,2143,2161,1291
"282","2014.09.27",2269,3064,2544,2433,1807,2275,2238,1622,2269,1814,2104,2968,1892,1799,1970,1753,2070,2242,2030,2415,2100,2438,2293,2651,2310,2498,2276,2196,2299,1554
"283","2014.10.13",1835,2628,2047,2138,1574,1886,2034,1575,1854,1844,2014,1816,1772,1934,2068,1933,2203,2034,1706,1974,1913,2133,2018,2135,1866,2047,2096,1954,2183,1777
"284","2014.10.29",1748,2369,1850,2031,1673,1781,1972,1526,1759,1753,1800,1546,1600,1888,1994,1858,2083,1929,1588,1908,2003,2039,2073,1974,1649,1963,2082,2045,2286,1810
"285","2014.11.30",1171,1311,1056,1178,1193,1063,1448,1245,1187,1004,1114,861,935,1082,1192,1210,1268,1061,1084,1191,1574,1313,1551,1257,1168,1511,1548,1374,1604,1098
"286","2015.01.17",863,718,838,850,1027,840,1068,1068,932,733,746,533,650,765,824,866,854,800,979,843,1148,1012,1182,920,820,988,1055,1076,1147,749
"287","2015.02.18",854,707,874,852,1067,840,1062,1076,969,690,697,651,583,709,716,857,693,700,1014,834,1226,1018,1245,870,822,1011,1042,1058,1170,740
"288","2015.03.06",842,798,945,922,1119,871,1105,1103,1016,707,735,872,665,736,812,878,740,745,1042,901,1280,1178,1305,946,921,1080,1064,1174,1274,744
"289","2015.03.22",1000,1024,1006,1055,1228,1051,1238,1205,1105,861,824,1255,735,804,971,966,850,819,1156,1082,1481,1383,1492,1068,1085,1294,1204,1299,1439,815
"290","2015.04.23",1527,2157,1542,1759,1748,1647,1738,1533,1141,1760,1641,1929,1232,1742,1359,1583,1326,1467,1602,1322,1613,1725,1769,1452,1571,1808,1482,1578,1561,1402
"291","2015.05.09",1582,2002,1514,1799,1697,1674,1664,1487,1112,1589,1407,1869,1318,1514,1175,1421,1271,1447,1689,1144,1535,1585,1645,1448,1580,1687,1291,1394,1371,1425
"292","2015.05.25",1500,1716,1395,1633,1560,1543,1532,1389,1064,1261,1172,1605,1245,1187,1127,1284,1211,1339,1641,1152,1456,1493,1532,1404,1541,1600,1210,1313,1254,1309
"293","2015.06.26",1460,1491,1344,1443,1435,1389,1386,1359,1076,1175,1131,1552,1171,1136,1231,1326,1307,1298,1582,1148,1423,1415,1459,1352,1464,1503,1132,1258,1244,1151
"294","2015.08.13",2036,2787,2201,2053,2017,2073,2045,1930,1936,2304,2315,3343,2095,2056,2050,2088,2790,2277,2236,2035,1960,2311,2193,2310,2390,2525,1658,1684,1894,1626
"295","2015.09.30",2050,2788,1985,2278,1842,2053,2066,1726,1738,1685,1647,1804,1612,1648,1768,1691,2096,1684,1847,1702,1863,2134,1990,1903,2024,2114,1473,1583,1514,1581
"296","2015.11.01",1597,1496,1371,1335,1431,1397,1572,1389,1424,851,996,1004,971,849,1124,1147,1274,1076,1419,1283,1405,1481,1555,1363,1393,1558,1186,1264,1299,1252
"297","2015.11.17",1325,1060,1092,1029,1253,1115,1358,1275,1149,740,842,712,763,731,919,964,975,888,1257,999,1242,1210,1347,1098,1143,1281,1100,1165,1180,955
"298","2015.12.03",1238,774,897,855,1070,935,1210,1084,1011,646,752,449,757,683,856,898,856,737,1113,888,1081,1034,1163,920,911,1097,1012,1008,989,883
"299","2016.01.20",977,632,795,718,926,786,1028,943,776,681,673,412,660,616,718,802,740,627,1023,676,883,805,910,691,718,793,869,869,868,741
"300","2016.02.05",985,647,847,758,922,793,1033,961,784,656,673,492,669,625,769,830,763,673,1003,680,872,810,935,688,710,797,853,862,876,751
"301","2016.03.24",1320,940,1042,1033,1199,1104,1247,1143,870,841,880,858,824,805,962,1071,992,797,1231,927,1071,1101,1107,1020,1063,1178,1151,1231,1140,936
"302","2016.04.09",1308,1232,1210,1130,1212,1253,1264,1164,922,886,967,1122,866,881,1079,1188,1159,874,1277,955,1094,1137,1109,1116,1255,1222,1117,1233,1069,987
"303","2016.05.11",1316,1092,1157,1130,1144,1177,1121,1101,836,939,900,1122,946,905,923,1132,1180,936,1208,904,999,1031,1032,990,1077,1072,999,1095,979,959
"304","2016.07.14",1677,1705,1586,1581,1461,1637,1588,1310,1255,1290,1249,1685,1252,1201,1448,1465,1529,1298,1502,1616,1573,1701,1679,1944,2129,1911,1380,1690,1618,1260
"305","2016.08.15",2327,3077,2384,2123,2938,2191,2021,2560,2093,2381,2428,2545,2202,2046,2394,2584,2177,2716,2011,2485,2283,2539,2430,2824,2766,2611,2005,2028,2279,2790
"306","2016.09.16",1880,2668,2268,1920,1869,1955,1929,1690,1978,1959,2047,2868,2003,1844,1815,2299,1930,2471,1848,2091,1768,2131,1990,1946,2134,1926,1941,1851,1769,1916
"307","2016.10.18",1334,1496,1353,1224,1214,1275,1376,1158,1136,1090,1108,1073,1141,1074,1090,1286,1180,1286,1244,1492,1363,1464,1471,1436,1502,1506,1304,1454,1226,1177
"308","2016.11.19",1213,993,1056,932,1030,1014,1150,1021,1036,863,933,700,915,869,985,1087,1050,1018,1084,1137,1101,1107,1166,1089,1127,1196,1105,1148,1027,1032
"309","2016.12.05",1191,802,958,834,1018,954,1157,972,948,856,876,552,847,810,947,1053,1045,973,1042,1013,1073,1067,1143,994,1028,1119,1088,1017,1011,1000
"310","2017.01.06",845,579,757,672,803,746,942,857,731,663,681,382,662,665,720,784,757,665,874,711,886,774,908,688,733,823,931,903,824,872
"311","2017.02.07",803,619,799,725,823,800,876,848,650,699,682,553,720,705,724,828,792,738,874,742,NA,758,835,702,757,824,NA,NA,NA,855
"312","2017.02.23",883,581,786,692,786,721,937,863,699,645,650,458,688,654,779,817,755,605,902,624,790,724,778,581,655,750,869,811,753,853
"313","2017.03.27",1081,864,943,867,1003,953,1068,1038,712,783,807,750,792,807,870,940,891,776,1087,865,932,926,936,881,956,1065,1098,1120,966,970
"314","2017.04.12",1040,947,958,902,975,987,1021,987,723,783,787,891,802,773,848,916,872,811,1070,891,882,862,890,922,1012,1038,1042,1081,910,951
"315","2017.06.15",1116,858,982,884,978,964,978,978,721,862,803,908,857,833,918,999,1008,972,1082,860,905,896,900,881,945,984,892,971,851,1100
"316","2017.07.01",1234,1149,989,913,979,982,1040,989,735,928,843,938,876,895,940,1074,1108,936,1081,1133,1056,1049,1076,1064,1231,1062,942,967,874,1135
"317","2017.08.02",3437,3052,3450,3868,3177,3627,3398,3028,3772,3771,3669,3482,3344,3943,3336,3153,3367,3702,3224,3771,3587,3853,3882,3022,3052,3789,2891,3287,3678,3977
"318","2017.08.18",2346,3417,2993,2816,2387,2653,2620,2590,3037,3094,3483,3044,3092,3558,3191,2900,2049,4197,2467,2317,2303,2719,2548,2266,2467,2646,1868,2468,2166,4704
"319","2017.09.03",2457,3055,2703,2428,2239,2675,2208,2088,2346,3228,NA,NA,3046,3346,3133,2786,3151,NA,2208,2760,2327,2579,2701,2816,2754,2798,1933,2454,2212,3444
"320","2017.10.05",1744,1897,1606,1438,1405,1518,1473,1469,1508,2295,1934,1760,2143,2121,2076,2139,2559,2236,1717,1617,1491,1637,1745,1737,1638,1777,1281,1407,1341,1998
"321","2017.10.21",1493,1530,1412,1233,1240,1303,1305,1344,1361,1737,1589,1408,1642,1657,1703,1735,2129,1809,1478,1392,1390,1479,1550,1427,1478,1540,1184,1281,1187,1676
"322","2017.11.22",1365,1156,1055,984,1064,1002,1164,1105,1162,1152,1060,827,1135,1154,1179,1216,1394,1122,1189,1121,1181,1146,1332,1200,1142,1298,1066,1121,1070,1184
"323","2017.12.08",1331,917,941,955,1078,997,1180,1135,1187,1203,1217,720,1146,1257,1320,1328,1529,1292,1250,1087,1172,1164,1263,1174,1092,1281,1039,1107,1050,1378
"324","2017.12.24",1159,872,872,873,1033,900,1102,1104,1064,1076,1036,622,1031,1091,1158,1215,1350,1028,1209,988,1045,1009,1169,980,957,1142,1009,1058,1008,1140
"325","2018.01.25",1014,725,927,823,960,861,1033,1065,986,939,918,664,878,979,1062,1096,1190,978,1130,865,959,947,1027,873,857,1000,929,964,893,1059
"326","2018.02.26",768,568,778,673,805,685,863,939,716,608,576,452,516,586,722,850,836,608,1002,627,714,662,731,602,629,690,817,763,700,703
"327","2018.03.30",982,719,877,809,976,830,940,1067,779,674,677,578,636,651,787,945,957,660,1168,723,889,787,920,720,734,924,1012,923,902,799
"328","2018.04.15",1192,1172,1143,1082,1041,1026,1186,1097,1237,1235,1023,1059,1120,1225,1148,1163,1075,1029,1226,1200,1075,1140,1150,1051,1073,1154,1080,1020,1023,1165
"329","2018.05.17",1043,849,942,873,1023,903,969,1049,810,715,700,821,704,707,761,984,1005,799,1204,765,857,846,917,792,822,900,971,898,864,873
"330","2018.06.02",1056,831,926,889,1000,936,1005,1042,804,747,708,824,780,735,788,991,1027,852,1205,763,823,806,864,784,807,894,948,896,872,891
"331","2018.06.18",1159,1011,1009,1045,1085,1083,1094,1088,862,844,770,878,815,777,876,1126,1172,899,1200,883,991,929,937,941,896,1021,956,1013,946,1011
"332","2018.07.04",NA,NA,NA,NA,NA,NA,NA,NA,NA,NA,NA,NA,NA,NA,NA,NA,NA,NA,NA,NA,NA,NA,NA,NA,NA,NA,NA,NA,NA,NA
"333","2018.08.05",1617,1678,1718,1745,1769,1778,1590,1697,1661,1987,2024,1862,2324,2005,2302,3209,3684,2101,1429,1240,1399,1599,1608,1263,1220,1324,1357,1565,1390,3008
"334","2018.09.06",2097,2701,2072,2353,2129,2144,2111,2979,2366,2756,2747,2991,2467,2369,2622,3793,3067,2672,2262,2922,2942,2153,2145,2035,2961,2136,2882,2704,2751,3199
"335","2018.09.22",1719,2138,1931,2072,1716,1880,1851,1544,1928,2227,2135,2443,2112,2108,2063,2818,3397,2160,1203,NA,1717,1816,1859,2029,1962,2169,NA,NA,NA,2014
"336","2018.10.24",1403,1126,1197,1316,1208,1326,1354,1215,1227,1132,1187,1124,1243,1096,1347,1470,1922,1352,1126,1281,1141,1177,1215,1443,1202,1296,1141,1075,1229,1191
"337","2018.11.09",1485,937,1050,1178,1245,1245,1275,1275,1311,987,1080,932,1054,937,1302,1293,1536,1056,1061,1154,1226,1152,1350,1241,1079,1277,1268,1145,1301,1086
"338","2018.11.25",1210,717,952,1004,1170,1053,1237,1193,1217,819,890,766,878,784,1083,1062,1259,907,1018,923,1062,950,1143,967,870,1142,1145,1057,1128,984
"339","2018.12.27",988,478,746,869,980,918,1083,1103,1048,569,643,456,632,591,827,785,847,701,845,684,873,767,948,670,634,828,1029,942,960,808
"340","2019.01.28",826,439,798,731,797,820,906,921,805,477,556,411,527,472,698,710,622,519,757,599,694,659,725,568,524,645,888,717,833,764
"341","2019.03.01",728,506,767,730,881,795,905,968,766,455,527,514,566,497,758,693,674,589,825,519,681,628,736,556,555,633,831,769,804,795
"342","2019.03.17",902,568,817,819,936,934,993,1006,848,517,571,559,662,535,949,713,735,627,894,550,778,719,832,561,577,682,899,799,868,984
"343","2019.04.18",1465,1210,1161,1557,1397,1532,1353,1392,1206,964,1252,1299,1008,906,1477,1220,1279,1061,1188,970,1241,1222,1371,1015,957,1313,1443,1293,1341,1345
"344","2019.05.04",1427,1508,1420,1694,1507,1634,1504,1437,1260,1328,1398,1620,1301,1210,1324,1440,1613,1340,1470,1081,1261,1244,1367,1214,1188,1292,1413,1315,1339,1340
"345","2019.05.20",1406,1479,1400,1689,1465,1690,1587,1420,1238,1399,1419,1765,1328,1326,1321,NA,1081,1415,1662,1028,1258,1258,1414,NA,1409,1378,1378,1348,1320,1297
"346","2019.06.05",1281,1331,1271,1445,1339,1481,1452,1285,1116,1219,1170,1424,1217,1183,1147,1366,1339,1400,1691,915,1160,1177,1253,1154,1231,1081,1205,1244,1177,1219
"347","2019.06.21",1282,1119,1155,1295,1228,1354,1306,1229,1050,1062,997,1223,1068,976,1043,1169,1245,1171,1574,846,1081,1032,1193,1016,1072,1049,1069,1150,1076,1134
"348","2019.07.23",1494,1261,1371,1416,1190,1355,1468,1137,1267,1023,1008,1207,1100,970,1195,1261,1208,1188,1456,1048,1318,1144,1359,1244,1262,1059,1251,1379,1330,1254
"349","2019.08.08",2461,2651,NA,NA,1615,NA,NA,1732,2295,1743,NA,1789,1706,1720,1668,1678,1712,1885,NA,NA,NA,2208,2091,1907,1890,2110,1845,NA,1924,1827
"350","2019.08.24",2450,2725,2736,2223,2057,2345,2256,1849,2680,2344,2391,2334,2233,2648,2832,2693,2977,2052,2963,2455,2448,2520,2469,2632,2431,2345,2854,2445,2224,2278
"351","2019.10.11",1693,1862,1879,1907,1669,1851,1638,1645,1962,903,1439,1521,1417,925,1664,1359,1732,1147,1755,1688,1711,1747,1827,1812,1693,1767,1754,1698,1677,1713
"352","2019.10.27",1544,1303,1456,1476,1379,1462,1508,1395,1521,870,1079,1161,1255,869,1491,1319,1502,1031,1597,1403,1232,1348,1439,1430,1316,1438,1395,1365,1348,1494
"353","2019.11.12",1337,1033,1266,1274,1236,1360,1432,1226,1410,853,970,935,1107,833,1290,1218,1295,965,1532,NA,1288,1342,1245,1360,1324,1244,1259,1198,1210,1268
"354","2019.12.14",971,579,814,885,958,959,1147,1079,1111,572,652,417,698,554,915,836,809,639,1090,767,896,846,985,789,763,857,1096,966,981,910
"355","2020.01.31",723,521,790,727,836,808,969,945,909,504,644,357,629,535,794,729,707,568,882,543,716,680,754,552,587,606,900,680,832,760
"356","2020.02.16",738,567,792,706,856,810,953,969,915,532,632,430,607,503,830,762,718,630,875,535,750,678,800,519,554,589,893,780,808,804
"357","2020.03.19",823,765,873,898,919,912,1011,1000,1032,795,939,876,776,690,567,1008,916,768,768,986,879,989,999,789,678,691,1047,871,929,927
"358","2020.04.04",1085,996,920,1161,1231,1281,1155,1312,1215,942,1347,873,1025,795,1600,1088,1006,979,1188,720,1103,1047,1205,760,717,979,1247,1098,1205,1025
"359","2020.04.20",1264,1262,1161,1613,1572,1640,1463,1564,1285,1283,1857,1237,1330,1116,1766,1496,1410,1310,1487,957,1222,1308,1412,1016,948,1230,1488,1346,1441,1307
"360","2020.05.06",1434,1585,1368,1930,1829,1783,1526,1733,1320,1877,1955,1797,1689,1797,1689,1793,1978,1852,1748,1067,1328,1389,1527,1152,1154,1378,1650,1386,1501,1593
"361","2020.05.22",1359,1677,1384,1817,1738,1660,1536,1642,1281,1982,1569,1900,1763,1970,1620,1706,1989,1863,1637,1009,1303,1344,1503,1105,1304,1325,1486,1367,1397,1551
"362","2020.06.07",1448,1489,1302,1608,1592,1495,1376,1504,1198,1580,1288,1671,1480,1544,1435,1524,1674,1531,1552,985,1250,1269,1503,1061,1240,1247,1369,1252,1314,1398
"363","2020.06.23",1406,1333,1262,1480,1455,1423,1377,1419,1176,1368,1178,1526,1340,1303,1370,1418,1582,1407,1447,940,1203,1202,1432,1050,1184,1228,1269,1246,1214,1342
"364","2020.07.09",1415,1644,1371,1529,1456,1473,1433,1420,1329,1307,1133,1473,1286,1263,1331,1468,1531,NA,1450,1087,1345,1374,1417,1145,1251,1031,1238,1224,1220,1324
"365","2020.08.10",1325,1348,1388,1424,1400,1421,1475,1360,1306,1184,931,1301,1153,1105,1273,1387,1463,1223,1438,953,1233,1246,1280,1097,1132,1136,1134,1072,1121,1326
"366","2020.09.27",1400,1160,1229,1169,1258,1212,1288,1234,1257,917,842,973,946,844,1088,1234,1249,1110,1220,889,1025,998,1093,967,995,1034,1061,1061,1066,1197
"367","2020.10.13",1308,1007,1133,1077,1176,1131,1268,1156,1205,864,795,849,865,838,1027,1166,1175,999,1121,840,1028,992,1026,888,945,980,1030,1015,999,1124
"368","2020.11.14",1337,869,1013,1022,1147,1088,1214,1110,1078,913,831,678,906,858,1011,1205,1248,987,1084,877,1036,974,1061,853,879,1009,999,1030,1007,1125
"369","2020.12.16",1228,611,827,994,984,1006,1176,1068,1017,828,813,438,798,803,1005,1156,1211,857,978,808,1011,908,1043,745,790,951,965,880,968,1059
"370","2021.01.01",1114,612,844,946,917,985,1115,1048,1004,814,806,440,856,804,998,1114,1151,889,971,769,961,857,1043,746,737,926,964,862,954,1031
"371","2021.01.17",1071,613,860,897,904,947,1100,995,932,833,789,461,773,759,917,1055,1081,824,879,738,926,819,941,699,688,839,908,820,885,971
"372","2021.02.18",926,666,893,873,961,933,1095,978,876,758,763,579,718,709,903,1011,1031,875,837,674,896,797,953,687,660,846,845,813,845,958
"373","2021.03.06",1025,724,927,925,951,945,1077,990,822,770,733,633,729,752,882,1038,1028,752,883,706,866,815,910,693,693,829,871,864,874,940
"374","2021.03.22",1016,739,897,926,918,938,1050,989,809,772,723,674,703,753,886,1043,1039,761,882,683,871,801,894,674,703,852,858,865,841,933
"375","2021.04.07",998,748,924,945,973,980,1069,1010,801,784,737,757,712,766,892,1028,1030,787,905,704,886,815,915,718,727,839,833,869,857,965
"376","2021.04.23",997,793,932,977,956,998,1080,1005,818,807,779,850,777,809,911,1090,1072,872,920,750,907,857,937,744,790,898,859,869,877,1002
"377","2021.05.09",1061,840,984,992,956,1010,1064,1016,795,838,793,904,833,804,898,1093,1050,973,951,769,859,850,921,768,775,877,822,855,844,1018
"378","2021.05.25",1058,859,965,990,985,1031,1073,1004,827,841,790,959,801,835,927,1096,1120,895,977,769,941,914,954,800,789,914,846,871,866,1026
"379","2021.06.10",1141,913,985,1043,1019,1047,1091,1032,804,876,827,987,849,841,956,1119,1122,995,981,797,916,886,976,790,801,934,866,923,881,1052
"380","2021.06.26",1177,967,1044,1093,1044,1112,1155,1047,834,928,904,1056,934,929,1013,1174,1187,972,1037,897,967,963,1032,901,870,986,842,949,935,1105
"381","2021.07.12",1269,1075,1076,1162,1181,1173,1368,1246,1026,931,894,1006,949,926,1141,1213,1263,988,1177,1044,1154,1061,1173,1056,939,1245,1072,1164,1066,1207
"382","2021.07.28",1767,2473,1610,1850,1431,1591,1573,1573,1903,1871,1651,2647,1655,1765,1783,1775,1738,1949,1318,1409,1435,1627,1767,1735,1575,2394,1035,1159,1210,2183
"383","2021.08.29",2205,2516,2232,2154,2807,2275,2024,2877,2784,2029,2192,2567,2587,2994,2168,2355,2264,2600,2076,2769,2392,2040,2723,3147,3220,3295,2291,2331,2962,2720
"384","2021.09.14",1647,1736,1720,1570,1448,1658,1534,1541,1707,1401,1355,1524,1590,1307,1955,3240,3407,1569,1691,2100,2213,1941,2250,2496,2465,2478,1570,1735,1487,1728
"385","2021.10.16",1594,1351,1451,1339,1234,1350,1372,1355,1568,1293,1198,1186,1381,1239,1523,1748,1824,1251,1505,1353,1596,1435,1676,1582,1569,1540,1077,1362,1203,1205
"386","2021.12.03",1322,977,918,1144,1021,1115,1243,1143,1265,989,1048,682,1014,942,1206,1505,1525,1022,1092,1176,1391,1191,1541,1235,1193,1354,987,1209,1096,1138
"387","2021.12.19",1203,874,862,1060,1038,1049,1269,1090,1188,919,991,560,964,886,1191,1455,1425,1010,1062,1083,1281,1132,1433,1135,1052,1269,961,1067,1058,1116
