date;water table depth
2012-09-14;14.23
2012-09-15;14.23
2012-09-16;14.17
2012-09-17;14.16
2012-09-18;14.17
2012-09-19;14.17
2012-09-20;14.17
2012-09-21;14.16
2012-09-22;14.16
2012-09-23;14.16
2012-09-24;14.16
2012-09-25;14.16
2012-09-26;14.17
2012-09-27;14.17
2012-09-28;14.15
2012-09-29;14.13
2012-09-30;14.15
2012-10-01;14.16
2012-10-02;14.18
2012-10-03;14.20
2012-10-04;14.22
2012-10-05;14.23
2012-10-06;14.24
2012-10-07;14.26
2012-10-08;14.28
2012-10-09;14.29
2012-10-10;14.30
2012-10-11;14.32
2012-10-12;14.34
2012-10-13;14.36
2012-10-14;14.36
2012-10-15;14.36
2012-10-16;14.36
2012-10-17;14.37
2012-10-18;14.39
2012-10-19;14.38
2012-10-20;14.38
2012-10-21;14.44
2012-10-22;14.51
2012-10-23;14.51
2012-10-24;14.50
2012-10-25;14.55
2012-10-26;14.57
2012-10-27;14.51
2012-10-28;14.47
2012-10-29;14.45
2012-10-30;14.42
2012-10-31;14.40
2012-11-01;14.37
2012-11-02;14.35
2012-11-03;14.33
2012-11-04;14.31
2012-11-05;14.28
2012-11-06;14.26
2012-11-07;14.24
2012-11-08;14.22
2012-11-09;14.20
2012-11-10;14.17
2012-11-11;14.16
2012-11-12;14.15
2012-11-13;14.13
2012-11-14;14.Dec
2012-11-15;14.Oct
2012-11-16;14.Sep
2012-11-17;14.Jun
2012-11-18;14.Apr
2012-11-19;14.Jan
2012-11-20;13.98
2012-11-21;13.95
2012-11-22;13.93
2012-11-23;13.91
2012-11-24;13.88
2012-11-25;13.86
2012-11-26;13.85
2012-11-27;13.84
2012-11-28;13.82
2012-11-29;13.81
2012-11-30;13.79
2012-12-01;13.77
2012-12-02;13.76
2012-12-03;13.74
2012-12-04;13.73
2012-12-05;13.71
2012-12-06;13.69
2012-12-07;13.67
2012-12-08;13.66
2012-12-09;13.64
2012-12-10;13.63
2012-12-11;13.62
2012-12-12;13.61
2012-12-13;13.60
2012-12-14;13.58
2012-12-15;13.57
2012-12-16;13.56
2012-12-17;13.54
2012-12-18;13.52
2012-12-19;13.51
2012-12-20;13.50
2012-12-21;13.48
2012-12-22;13.47
2012-12-23;13.46
2012-12-24;13.44
2012-12-25;13.43
2012-12-26;13.41
2012-12-27;13.40
2012-12-28;13.39
2012-12-29;13.38
2012-12-30;13.37
2012-12-31;13.37
2013-01-01;13.36
2013-01-02;13.34
2013-01-03;13.34
2013-01-04;13.34
2013-01-05;13.33
2013-01-06;13.32
2013-01-07;13.30
2013-01-08;13.30
2013-01-09;13.29
2013-01-10;13.27
2013-01-11;13.26
2013-01-12;13.25
2013-01-13;13.23
2013-01-14;13.22
2013-01-15;13.22
2013-01-16;13.21
2013-01-17;13.22
2013-01-18;13.22
2013-01-19;13.23
2013-01-20;13.21
2013-01-21;13.19
2013-01-22;13.18
2013-01-23;13.16
2013-01-24;13.13
2013-01-25;13.Nov
2013-01-26;13.Jul
2013-01-27;13.Apr
2013-01-28;13.Jan
2013-01-29;Dec.99
2013-01-30;Dec.99
2013-01-31;Dec.97
2013-02-01;Dec.97
2013-02-02;Dec.96
2013-02-03;Dec.94
2013-02-04;Dec.93
2013-02-05;Dec.91
2013-02-06;Dec.89
2013-02-07;Dec.88
2013-02-08;Dec.86
2013-02-09;Dec.85
2013-02-10;Dec.85
2013-02-11;Dec.85
2013-02-12;Dec.84
2013-02-13;Dec.84
2013-02-14;Dec.83
2013-02-15;Dec.83
2013-02-16;Dec.82
2013-02-17;Dec.80
2013-02-18;Dec.79
2013-02-19;Dec.78
2013-02-20;Dec.77
2013-02-21;Dec.76
2013-02-22;Dec.76
2013-02-23;Dec.75
2013-02-24;Dec.74
2013-02-25;Dec.74
2013-02-26;Dec.72
2013-02-27;Dec.72
2013-02-28;Dec.71
2013-03-01;Dec.70
2013-03-02;Dec.69
2013-03-03;Dec.67
2013-03-04;Dec.64
2013-03-05;Dec.63
2013-03-06;Dec.61
2013-03-07;Dec.58
2013-03-08;Dec.56
2013-03-09;Dec.54
2013-03-10;Dec.54
2013-03-11;Dec.53
2013-03-12;Dec.51
2013-03-13;Dec.50
2013-03-14;Dec.48
2013-03-15;Dec.47
2013-03-16;Dec.45
2013-03-17;Dec.43
2013-03-18;Dec.42
2013-03-19;Dec.41
2013-03-20;Dec.40
2013-03-21;Dec.38
2013-03-22;Dec.37
2013-03-23;Dec.37
2013-03-24;Dec.36
2013-03-25;Dec.36
2013-03-26;Dec.35
2013-03-27;Dec.34
2013-03-28;Dec.34
2013-03-29;Dec.33
2013-03-30;Dec.32
2013-03-31;Dec.31
2013-04-01;Dec.31
2013-04-02;Dec.30
2013-04-03;Dec.30
2013-04-04;Dec.30
2013-04-05;Dec.30
2013-04-06;Dec.29
2013-04-07;Dec.29
2013-04-08;Dec.28
2013-04-09;Dec.30
2013-04-10;Dec.31
2013-04-11;Dec.31
2013-04-12;Dec.30
2013-04-13;Dec.30
2013-04-14;Dec.30
2013-04-15;Dec.30
2013-04-16;Dec.30
2013-04-17;Dec.30
2013-04-18;Dec.31
2013-04-19;Dec.31
2013-04-20;Dec.29
2013-04-21;Dec.30
2013-04-22;Dec.30
2013-04-23;Dec.30
2013-04-24;Dec.30
2013-04-25;Dec.30
2013-04-26;Dec.31
2013-04-27;Dec.30
2013-04-28;Dec.30
2013-04-29;Dec.30
2013-04-30;Dec.30
2013-05-01;Dec.31
2013-05-02;Dec.32
2013-05-03;Dec.32
2013-05-04;Dec.31
2013-05-05;Dec.32
2013-05-06;Dec.33
2013-05-07;Dec.33
2013-05-08;Dec.33
2013-05-09;Dec.33
2013-05-10;Dec.34
2013-05-11;Dec.34
2013-05-12;Dec.35
2013-05-13;Dec.36
2013-05-14;Dec.37
2013-05-15;Dec.38
2013-05-16;Dec.39
2013-05-17;Dec.41
2013-05-18;Dec.43
2013-05-19;Dec.45
2013-05-20;Dec.47
2013-05-21;Dec.50
2013-05-22;Dec.52
2013-05-23;Dec.57
2013-05-24;Dec.66
2013-05-25;Dec.81
2013-05-26;Dec.98
2013-05-27;13.17
2013-05-28;13.34
2013-05-29;13.48
2013-05-30;13.65
2013-05-31;13.78
2013-06-01;13.90
2013-06-02;14.Jan
2013-06-03;14.Nov
2013-06-04;14.21
2013-06-05;14.30
2013-06-06;14.39
2013-06-07;14.46
2013-06-08;14.55
2013-06-09;14.64
2013-06-10;14.74
2013-06-11;14.82
2013-06-12;14.90
2013-06-13;14.98
2013-06-14;15.May
2013-06-15;15.Nov
2013-06-16;15.16
2013-06-17;15.20
2013-06-18;15.23
2013-06-19;15.26
2013-06-20;15.29
2013-06-21;15.33
2013-06-22;15.36
2013-06-23;15.40
2013-06-24;15.43
2013-06-25;15.47
2013-06-26;15.51
2013-06-27;15.54
2013-06-28;15.58
2013-06-29;15.62
2013-06-30;15.66
2013-07-01;15.71
2013-07-02;15.76
2013-07-03;15.80
2013-07-04;15.83
2013-07-05;15.87
2013-07-06;15.90
2013-07-07;15.93
2013-07-08;15.94
2013-07-09;15.93
2013-07-10;15.39
2013-07-11;13.73
2013-07-12;13.58
2013-07-13;13.81
2013-07-14;14.Jan
2013-07-15;14.Aug
2013-07-16;14.May
2013-07-17;13.37
2013-07-18;13.53
2013-07-19;13.79
2013-07-20;13.90
2013-07-21;13.95
2013-07-22;13.98
2013-07-23;13.94
2013-07-24;13.89
2013-07-25;13.84
2013-07-26;13.87
2013-07-27;13.83
2013-07-28;13.81
2013-07-29;13.86
2013-07-30;13.89
2013-07-31;13.90
2013-08-01;13.88
2013-08-02;13.75
2013-08-03;13.75
2013-08-04;13.80
2013-08-05;13.71
2013-08-06;13.25
2013-08-07;13.38
2013-08-08;13.53
2013-08-09;13.63
2013-08-10;13.68
2013-08-11;13.71
2013-08-12;13.72
2013-08-13;13.73
2013-08-14;13.74
2013-08-15;13.73
2013-08-16;13.73
2013-08-17;13.73
2013-08-18;13.73
2013-08-19;13.72
2013-08-20;13.73
2013-08-21;13.71
2013-08-22;13.61
2013-08-23;13.62
2013-08-24;13.59
2013-08-25;13.54
2013-08-26;13.56
2013-08-27;13.58
2013-08-28;13.58
2013-08-29;13.58
2013-08-30;13.55
2013-08-31;13.53
2013-09-01;13.53
2013-09-02;13.53
2013-09-03;13.50
2013-09-04;13.50
2013-09-05;13.51
2013-09-06;13.51
2013-09-07;13.50
2013-09-08;13.46
2013-09-09;13.42
2013-09-10;13.22
2013-09-11;13.25
2013-09-12;13.24
2013-09-13;13.14
2013-09-14;13.16
2013-09-15;13.19
2013-09-16;13.18
2013-09-17;13.17
2013-09-18;13.17
2013-09-19;13.17
2013-09-20;13.17
2013-09-21;13.Nov
2013-09-22;13.Nov
2013-09-23;13.15
2013-09-24;13.17
2013-09-25;13.18
2013-09-26;13.19
2013-09-27;13.20
2013-09-28;13.21
2013-09-29;13.20
2013-09-30;13.20
2013-10-01;13.20
2013-10-02;13.20
2013-10-03;13.19
2013-10-04;13.19
2013-10-05;13.19
2013-10-06;13.18
2013-10-07;13.18
2013-10-08;13.17
2013-10-09;13.17
2013-10-10;13.18
2013-10-11;13.16
2013-10-12;13.13
2013-10-13;13.14
2013-10-14;13.14
2013-10-15;13.Dec
2013-10-16;13.Nov
2013-10-17;13.Oct
2013-10-18;13.Sep
2013-10-19;13.Aug
2013-10-20;13.Jul
2013-10-21;13.Jun
2013-10-22;13.Jun
2013-10-23;13.May
2013-10-24;13.Mar
2013-10-25;13.Feb
2013-10-26;13.Jan
2013-10-27;Dec.99
2013-10-28;Dec.98
2013-10-29;Dec.97
2013-10-30;Dec.97
2013-10-31;Dec.96
2013-11-01;Dec.95
2013-11-02;Dec.94
2013-11-03;Dec.92
2013-11-04;Dec.91
2013-11-05;Dec.90
2013-11-06;Dec.90
2013-11-07;Dec.89
2013-11-08;Dec.89
2013-11-09;Dec.88
2013-11-10;Dec.88
2013-11-11;Dec.87
2013-11-12;Dec.86
2013-11-13;Dec.85
2013-11-14;Dec.83
2013-11-15;Dec.82
2013-11-16;Dec.81
2013-11-17;Dec.81
2013-11-18;Dec.80
2013-11-19;Dec.79
2013-11-20;Dec.78
2013-11-21;Dec.77
2013-11-22;Dec.76
2013-11-23;Dec.75
2013-11-24;Dec.74
2013-11-25;Dec.75
2013-11-26;Dec.75
2013-11-27;Dec.75
2013-11-28;Dec.76
2013-11-29;Dec.76
2013-11-30;Dec.76
2013-12-01;Dec.75
2013-12-02;Dec.73
2013-12-03;Dec.72
2013-12-04;Dec.71
2013-12-05;Dec.70
2013-12-06;Dec.70
2013-12-07;Dec.70
2013-12-08;Dec.71
2013-12-09;Dec.72
2013-12-10;Dec.72
2013-12-11;Dec.72
2013-12-12;Dec.72
2013-12-13;Dec.71
2013-12-14;Dec.70
2013-12-15;Dec.70
2013-12-16;Dec.70
2013-12-17;Dec.69
2013-12-18;Dec.68
2013-12-19;Dec.67
2013-12-20;Dec.66
2013-12-21;Dec.66
2013-12-22;Dec.66
2013-12-23;Dec.66
2013-12-24;Dec.65
2013-12-25;Dec.65
2013-12-26;Dec.65
2013-12-27;Dec.65
2013-12-28;Dec.64
2013-12-29;Dec.64
2013-12-30;Dec.64
2013-12-31;Dec.63
2014-01-01;Dec.62
2014-01-02;Dec.62
2014-01-03;Dec.61
2014-01-04;Dec.60
2014-01-05;Dec.60
2014-01-06;Dec.59
2014-01-07;Dec.59
2014-01-08;Dec.58
2014-01-09;Dec.58
2014-01-10;Dec.58
2014-01-11;Dec.58
2014-01-12;Dec.57
2014-01-13;Dec.57
2014-01-14;Dec.56
2014-01-15;Dec.55
2014-01-16;Dec.54
2014-01-17;Dec.54
2014-01-18;Dec.53
2014-01-19;Dec.53
2014-01-20;Dec.52
2014-01-21;Dec.52
2014-01-22;Dec.50
2014-01-23;Dec.49
2014-01-24;Dec.49
2014-01-25;Dec.47
2014-01-26;Dec.45
2014-01-27;Dec.43
2014-01-28;Dec.41
2014-01-29;Dec.40
2014-01-30;Dec.39
2014-01-31;Dec.39
2014-02-01;Dec.38
2014-02-02;Dec.37
2014-02-03;Dec.36
2014-02-04;Dec.37
2014-02-05;Dec.36
2014-02-06;Dec.36
2014-02-07;Dec.36
2014-02-08;Dec.36
2014-02-09;Dec.35
2014-02-10;Dec.33
2014-02-11;Dec.32
2014-02-12;Dec.32
2014-02-13;Dec.31
2014-02-14;Dec.30
2014-02-15;Dec.29
2014-02-16;Dec.28
2014-02-17;Dec.27
2014-02-18;Dec.25
2014-02-19;Dec.24
2014-02-20;Dec.24
2014-02-21;Dec.23
2014-02-22;Dec.23
2014-02-23;Dec.23
2014-02-24;Dec.22
2014-02-25;Dec.22
2014-02-26;Dec.21
2014-02-27;Dec.19
2014-02-28;Dec.18
2014-03-01;Dec.17
2014-03-02;Dec.15
2014-03-03;Dec.14
2014-03-04;Dec.13
2014-03-05;Dec.13
2014-03-06;12.Dec
2014-03-07;12.Dec
2014-03-08;12.Dec
2014-03-09;12.Dec
2014-03-10;12.Nov
2014-03-11;12.Oct
2014-03-12;12.Oct
2014-03-13;12.Oct
2014-03-14;12.Oct
2014-03-15;12.Oct
2014-03-16;12.Nov
2014-03-17;12.Oct
2014-03-18;12.Oct
2014-03-19;12.Nov
2014-03-20;12.Nov
2014-03-21;12.Oct
2014-03-22;12.Oct
2014-03-23;12.Oct
2014-03-24;12.Oct
2014-03-25;12.Sep
2014-03-26;12.Sep
2014-03-27;12.Sep
2014-03-28;12.Oct
2014-03-29;12.Sep
2014-03-30;12.Aug
2014-03-31;12.Aug
2014-04-01;12.Aug
2014-04-02;12.Aug
2014-04-03;12.Sep
2014-04-04;12.Sep
2014-04-05;12.Oct
2014-04-06;12.Nov
2014-04-07;12.Dec
2014-04-08;12.Dec
2014-04-09;12.Dec
2014-04-10;12.Nov
2014-04-11;12.Nov
2014-04-12;12.Oct
2014-04-13;12.Oct
2014-04-14;12.Nov
2014-04-15;12.Oct
2014-04-16;12.Oct
2014-04-17;12.Nov
2014-04-18;12.Oct
2014-04-19;12.Oct
2014-04-20;12.Oct
2014-04-21;12.Nov
2014-04-22;12.Oct
2014-04-23;12.Oct
2014-04-24;12.Nov
2014-04-25;12.Nov
2014-04-26;12.Nov
2014-04-27;12.Dec
2014-04-28;Dec.13
2014-04-29;Dec.14
2014-04-30;Dec.14
2014-05-01;Dec.16
2014-05-02;Dec.17
2014-05-03;Dec.17
2014-05-04;Dec.18
2014-05-05;Dec.19
2014-05-06;Dec.19
2014-05-07;Dec.21
2014-05-08;Dec.23
2014-05-09;Dec.24
2014-05-10;Dec.25
2014-05-11;Dec.27
2014-05-12;Dec.30
2014-05-13;Dec.31
2014-05-14;Dec.33
2014-05-15;Dec.36
2014-05-16;Dec.37
2014-05-17;Dec.40
2014-05-18;Dec.45
2014-05-19;Dec.62
2014-05-20;Dec.86
2014-05-21;13.Jul
2014-05-22;13.25
2014-05-23;13.40
2014-05-24;13.53
2014-05-25;13.64
2014-05-26;13.74
2014-05-27;13.84
2014-05-28;13.94
2014-05-29;14.Mar
2014-05-30;14.Nov
2014-05-31;14.19
2014-06-01;14.27
2014-06-02;14.35
2014-06-03;14.42
2014-06-04;14.49
2014-06-05;14.56
2014-06-06;14.63
2014-06-07;14.70
2014-06-08;14.77
2014-06-09;14.84
2014-06-10;14.90
2014-06-11;14.97
2014-06-12;15.Feb
2014-06-13;15.Jul
2014-06-14;15.Dec
2014-06-15;15.14
2014-06-16;15.16
2014-06-17;15.17
2014-06-18;15.20
2014-06-19;15.22
2014-06-20;15.24
2014-06-21;15.27
2014-06-22;15.29
2014-06-23;15.32
2014-06-24;15.34
2014-06-25;15.37
2014-06-26;15.39
2014-06-27;15.42
2014-06-28;15.44
2014-06-29;15.47
2014-06-30;15.50
2014-07-01;15.53
2014-07-02;15.55
2014-07-03;15.58
2014-07-04;15.61
2014-07-05;15.64
2014-07-06;15.65
2014-07-07;15.63
2014-07-08;15.59
2014-07-09;15.45
2014-07-10;15.27
2014-07-11;15.Apr
2014-07-12;14.60
2014-07-13;14.28
2014-07-14;14.22
2014-07-15;14.15
2014-07-16;14.17
2014-07-17;14.28
2014-07-18;14.35
2014-07-19;14.39
2014-07-20;14.41
2014-07-21;14.43
2014-07-22;14.44
2014-07-23;14.45
2014-07-24;14.47
2014-07-25;14.51
2014-07-26;14.58
2014-07-27;14.60
2014-07-28;14.Nov
2014-07-29;13.70
2014-07-30;13.91
2014-07-31;14.Jun
2014-08-01;14.14
2014-08-02;14.May
2014-08-03;13.76
2014-08-04;13.79
2014-08-05;13.92
2014-08-06;14.Feb
2014-08-07;14.Oct
2014-08-08;14.14
2014-08-09;14.16
2014-08-10;13.96
2014-08-11;13.94
2014-08-12;14.Feb
2014-08-13;13.89
2014-08-14;13.54
2014-08-15;13.66
2014-08-16;13.70
2014-08-17;13.67
2014-08-18;13.56
2014-08-19;13.31
2014-08-20;13.29
2014-08-21;13.37
2014-08-22;13.41
2014-08-23;13.37
2014-08-24;13.43
2014-08-25;13.43
2014-08-26;13.43
2014-08-27;13.37
2014-08-28;13.38
2014-08-29;13.42
2014-08-30;13.45
2014-08-31;13.46
2014-09-01;13.46
2014-09-02;13.46
2014-09-03;13.46
2014-09-04;13.45
2014-09-05;13.45
2014-09-06;13.42
2014-09-07;13.36
2014-09-08;13.18
2014-09-09;Dec.51
2014-09-10;Dec.72
2014-09-11;Dec.83
2014-09-12;Dec.87
2014-09-13;Dec.89
2014-09-14;Dec.89
2014-09-15;Dec.89
2014-09-16;Dec.87
2014-09-17;Dec.70
2014-09-18;12.May
2014-09-19;Jun.93
2014-09-20;Jul.86
2014-09-21;Sep.22
2014-09-22;
2014-09-23;
2014-09-24;
2014-09-25;
2014-09-26;
2014-09-27;
2014-09-28;
2014-09-29;
2014-09-30;
2014-10-01;
2014-10-02;
2014-10-03;
2014-10-04;
2014-10-05;
2014-10-06;
2014-10-07;
2014-10-08;
2014-10-09;
2014-10-10;
2014-10-11;
2014-10-12;
2014-10-13;
2014-10-14;
2014-10-15;
2014-10-16;
2014-10-17;
2014-10-18;
2014-10-19;
2014-10-20;
2014-10-21;
2014-10-22;
2014-10-23;
2014-10-24;
2014-10-25;
2014-10-26;
2014-10-27;
2014-10-28;
2014-10-29;
2014-10-30;
2014-10-31;
2014-11-01;
2014-11-02;
2014-11-03;
2014-11-04;
2014-11-05;
2014-11-06;
2014-11-07;12.Nov
2014-11-08;12.Dec
2014-11-09;12.Nov
2014-11-10;12.Nov
2014-11-11;12.Nov
2014-11-12;12.Dec
2014-11-13;12.Dec
2014-11-14;12.Nov
2014-11-15;12.Nov
2014-11-16;12.Nov
2014-11-17;12.Dec
2014-11-18;Dec.13
2014-11-19;Dec.13
2014-11-20;Dec.13
2014-11-21;Dec.13
2014-11-22;Dec.14
2014-11-23;Dec.14
2014-11-24;Dec.15
2014-11-25;Dec.15
2014-11-26;Dec.15
2014-11-27;Dec.15
2014-11-28;Dec.14
2014-11-29;Dec.13
2014-11-30;Dec.13
2014-12-01;Dec.14
2014-12-02;Dec.13
2014-12-03;12.Dec
2014-12-04;12.Oct
2014-12-05;12.Oct
2014-12-06;12.Oct
2014-12-07;12.Sep
2014-12-08;12.Sep
2014-12-09;12.Aug
2014-12-10;12.Jul
2014-12-11;12.Jul
2014-12-12;12.Jul
2014-12-13;12.Jun
2014-12-14;12.Jun
2014-12-15;12.Jun
2014-12-16;12.Jun
2014-12-17;12.Jun
2014-12-18;12.Jun
2014-12-19;12.Jun
2014-12-20;12.Jun
2014-12-21;12.Jun
2014-12-22;12.May
2014-12-23;12.Jun
2014-12-24;12.Jun
2014-12-25;12.Apr
2014-12-26;12.Jun
2014-12-27;12.Jul
2014-12-28;12.Jul
2014-12-29;12.Jul
2014-12-30;12.Jul
2014-12-31;12.Jun
2015-01-01;12.Jul
2015-01-02;12.Jun
2015-01-03;12.Aug
2015-01-04;12.Sep
2015-01-05;12.Sep
2015-01-06;12.Aug
2015-01-07;12.Aug
2015-01-08;12.Jun
2015-01-09;12.Apr
2015-01-10;12.Apr
2015-01-11;12.Mar
2015-01-12;12.Feb
2015-01-13;12.Jan
2015-01-14;12.Jan
2015-01-15;12.Jan
2015-01-16;12.Jan
2015-01-17;12.Feb
2015-01-18;12.Feb
2015-01-19;12.Jan
2015-01-20;12.00
2015-01-21;Nov.99
2015-01-22;12.00
2015-01-23;12.Jan
2015-01-24;12.00
2015-01-25;12.00
2015-01-26;12.00
2015-01-27;12.00
2015-01-28;Nov.99
2015-01-29;Nov.98
2015-01-30;Nov.95
2015-01-31;Nov.90
2015-02-01;Nov.80
2015-02-02;Nov.74
2015-02-03;Nov.77
2015-02-04;Nov.79
2015-02-05;Nov.80
2015-02-06;Nov.81
2015-02-07;Nov.81
2015-02-08;Nov.81
2015-02-09;Nov.82
2015-02-10;Nov.82
2015-02-11;Nov.82
2015-02-12;Nov.83
2015-02-13;Nov.84
2015-02-14;Nov.83
2015-02-15;Nov.83
2015-02-16;Nov.81
2015-02-17;Nov.83
2015-02-18;Nov.83
2015-02-19;Nov.83
2015-02-20;Nov.83
2015-02-21;Nov.83
2015-02-22;Nov.83
2015-02-23;Nov.83
2015-02-24;Nov.83
2015-02-25;Nov.83
2015-02-26;Nov.83
2015-02-27;Nov.83
2015-02-28;Nov.83
2015-03-01;Nov.84
2015-03-02;Nov.83
2015-03-03;Nov.81
2015-03-04;Nov.82
2015-03-05;Nov.83
2015-03-06;Nov.83
2015-03-07;Nov.82
2015-03-08;Nov.82
2015-03-09;Nov.81
2015-03-10;Nov.82
2015-03-11;Nov.82
2015-03-12;Nov.81
2015-03-13;Nov.81
2015-03-14;Nov.82
2015-03-15;Nov.82
2015-03-16;Nov.81
2015-03-17;Nov.81
2015-03-18;Nov.80
2015-03-19;Nov.79
2015-03-20;Nov.79
2015-03-21;Nov.79
2015-03-22;Nov.80
2015-03-23;Nov.79
2015-03-24;Nov.79
2015-03-25;Nov.80
2015-03-26;Nov.81
2015-03-27;Nov.81
2015-03-28;Nov.81
2015-03-29;Nov.81
2015-03-30;Nov.81
2015-03-31;Nov.81
2015-04-01;Nov.80
2015-04-02;Nov.81
2015-04-03;Nov.82
2015-04-04;Nov.81
2015-04-05;Nov.82
2015-04-06;Nov.82
2015-04-07;Nov.83
2015-04-08;Nov.83
2015-04-09;Nov.84
2015-04-10;Nov.84
2015-04-11;Nov.84
2015-04-12;Nov.83
2015-04-13;Nov.84
2015-04-14;Nov.84
2015-04-15;Nov.83
2015-04-16;Nov.84
2015-04-17;Nov.84
2015-04-18;Nov.84
2015-04-19;Nov.85
2015-04-20;Nov.85
2015-04-21;Nov.86
2015-04-22;Nov.86
2015-04-23;Nov.86
2015-04-24;Nov.87
2015-04-25;Nov.87
2015-04-26;Nov.86
2015-04-27;Nov.87
2015-04-28;Nov.88
2015-04-29;Nov.88
2015-04-30;Nov.88
2015-05-01;Nov.89
2015-05-02;Nov.88
2015-05-03;Nov.88
2015-05-04;Nov.89
2015-05-05;Nov.89
2015-05-06;Nov.89
2015-05-07;Nov.89
2015-05-08;Nov.90
2015-05-09;Nov.91
2015-05-10;Nov.91
2015-05-11;Nov.92
2015-05-12;Nov.92
2015-05-13;Nov.93
2015-05-14;Nov.93
2015-05-15;Nov.93
2015-05-16;Nov.94
2015-05-17;Nov.95
2015-05-18;Nov.96
2015-05-19;Nov.97
2015-05-20;Nov.97
2015-05-21;Nov.98
2015-05-22;Nov.99
2015-05-23;12.00
2015-05-24;12.00
2015-05-25;12.00
2015-05-26;12.Jan
2015-05-27;12.Feb
2015-05-28;12.Feb
2015-05-29;12.Mar
2015-05-30;12.Apr
2015-05-31;12.Apr
2015-06-01;12.May
2015-06-02;12.Jun
2015-06-03;12.Jul
2015-06-04;12.Sep
2015-06-05;12.Aug
2015-06-06;12.Sep
2015-06-07;12.Dec
2015-06-08;12.Dec
2015-06-09;12.Nov
2015-06-10;12.Dec
2015-06-11;Dec.14
2015-06-12;Dec.16
2015-06-13;Dec.18
2015-06-14;Dec.21
2015-06-15;Dec.24
2015-06-16;Dec.30
2015-06-17;Dec.33
2015-06-18;Dec.39
2015-06-19;Dec.55
2015-06-20;Dec.77
2015-06-21;Dec.94
2015-06-22;13.Sep
2015-06-23;13.21
2015-06-24;13.32
2015-06-25;13.42
2015-06-26;13.51
2015-06-27;13.58
2015-06-28;13.64
2015-06-29;13.69
2015-06-30;13.74
2015-07-01;13.48
2015-07-02;13.Jan
2015-07-03;Dec.92
2015-07-04;13.00
2015-07-05;Dec.97
2015-07-06;Dec.85
2015-07-07;Dec.80
2015-07-08;Dec.74
2015-07-09;Dec.79
2015-07-10;Dec.80
2015-07-11;Dec.82
2015-07-12;Dec.98
2015-07-13;Dec.92
2015-07-14;Dec.82
2015-07-15;Dec.81
2015-07-16;Dec.84
2015-07-17;Dec.82
2015-07-18;Dec.73
2015-07-19;Dec.52
2015-07-20;Dec.53
2015-07-21;Dec.55
2015-07-22;Dec.53
2015-07-23;Dec.48
2015-07-24;Dec.42
2015-07-25;Dec.47
2015-07-26;Dec.50
2015-07-27;Dec.54
2015-07-28;Dec.57
2015-07-29;Dec.59
2015-07-30;Dec.60
2015-07-31;Dec.62
2015-08-01;Dec.55
2015-08-02;Dec.55
2015-08-03;Dec.59
2015-08-04;Dec.62
2015-08-05;Dec.64
2015-08-06;Dec.67
2015-08-07;Dec.68
2015-08-08;Dec.60
2015-08-09;Dec.56
2015-08-10;Dec.40
2015-08-11;Nov.91
2015-08-12;12.Mar
2015-08-13;Dec.13
2015-08-14;Dec.18
2015-08-15;Dec.22
2015-08-16;Dec.25
2015-08-17;Dec.28
2015-08-18;Dec.31
2015-08-19;Dec.34
2015-08-20;Dec.36
2015-08-21;Dec.35
2015-08-22;Dec.37
2015-08-23;Dec.38
2015-08-24;Dec.40
2015-08-25;Dec.41
2015-08-26;Dec.38
2015-08-27;Dec.33
2015-08-28;Dec.31
2015-08-29;Dec.35
2015-08-30;Dec.35
2015-08-31;Dec.37
2015-09-01;Dec.42
2015-09-02;Dec.45
2015-09-03;Dec.46
2015-09-04;Dec.45
2015-09-05;Dec.43
2015-09-06;Dec.45
2015-09-07;Dec.47
2015-09-08;Dec.48
2015-09-09;Dec.45
2015-09-10;Dec.37
2015-09-11;Dec.38
2015-09-12;Dec.41
2015-09-13;Dec.43
2015-09-14;Dec.45
2015-09-15;Dec.47
2015-09-16;Dec.49
2015-09-17;Dec.50
2015-09-18;Dec.51
2015-09-19;Dec.42
2015-09-20;12.Apr
2015-09-21;Dec.16
2015-09-22;12.Aug
2015-09-23;12.Sep
2015-09-24;Dec.15
2015-09-25;Dec.19
2015-09-26;Dec.22
2015-09-27;Dec.24
2015-09-28;Dec.25
2015-09-29;Dec.27
2015-09-30;Dec.28
2015-10-01;Dec.30
2015-10-02;Dec.31
2015-10-03;Dec.31
2015-10-04;Dec.32
2015-10-05;Dec.33
2015-10-06;Dec.34
2015-10-07;Dec.34
2015-10-08;Dec.32
2015-10-09;Dec.33
2015-10-10;Dec.34
2015-10-11;Dec.34
2015-10-12;Dec.33
2015-10-13;Dec.33
2015-10-14;Dec.33
2015-10-15;Dec.32
2015-10-16;Dec.32
2015-10-17;Dec.27
2015-10-18;Dec.24
2015-10-19;Dec.22
2015-10-20;Dec.25
2015-10-21;Dec.26
2015-10-22;Dec.27
2015-10-23;Dec.27
2015-10-24;Dec.28
2015-10-25;Dec.28
2015-10-26;Dec.27
2015-10-27;Dec.27
2015-10-28;Dec.27
2015-10-29;Dec.26
2015-10-30;Dec.26
2015-10-31;Dec.26
2015-11-01;Dec.27
2015-11-02;Dec.26
2015-11-03;Dec.26
2015-11-04;Dec.26
2015-11-05;Dec.27
2015-11-06;Dec.26
2015-11-07;Dec.26
2015-11-08;Dec.27
2015-11-09;Dec.26
2015-11-10;Dec.26
2015-11-11;Dec.27
2015-11-12;Dec.27
2015-11-13;Dec.27
2015-11-14;Dec.27
2015-11-15;Dec.26
2015-11-16;Dec.24
2015-11-17;Dec.25
2015-11-18;Dec.24
2015-11-19;Dec.25
2015-11-20;Dec.25
2015-11-21;Dec.25
2015-11-22;Dec.24
2015-11-23;Dec.23
2015-11-24;Dec.22
2015-11-25;Dec.21
2015-11-26;Dec.21
2015-11-27;Dec.20
2015-11-28;Dec.19
2015-11-29;Dec.19
2015-11-30;Dec.20
2015-12-01;Dec.20
2015-12-02;Dec.21
2015-12-03;Dec.21
2015-12-04;Dec.22
2015-12-05;Dec.22
2015-12-06;Dec.21
2015-12-07;Dec.20
2015-12-08;Dec.20
2015-12-09;Dec.19
2015-12-10;Dec.19
2015-12-11;Dec.17
2015-12-12;Dec.17
2015-12-13;Dec.17
2015-12-14;Dec.16
2015-12-15;Dec.16
2015-12-16;Dec.17
2015-12-17;Dec.17
2015-12-18;Dec.18
2015-12-19;Dec.18
2015-12-20;Dec.17
2015-12-21;Dec.17
2015-12-22;Dec.15
2015-12-23;Dec.14
2015-12-24;Dec.14
2015-12-25;Dec.13
2015-12-26;12.Dec
2015-12-27;12.Dec
2015-12-28;12.Dec
2015-12-29;12.Dec
2015-12-30;Dec.13
2015-12-31;Dec.13
2016-01-01;Dec.13
2016-01-02;12.Dec
2016-01-03;12.Dec
2016-01-04;12.Oct
2016-01-05;12.Aug
2016-01-06;12.Sep
2016-01-07;12.Aug
2016-01-08;12.Jun
2016-01-09;12.Jul
2016-01-10;12.Jul
2016-01-11;12.Jul
2016-01-12;12.Jul
2016-01-13;12.Jul
2016-01-14;12.Jul
2016-01-15;12.Jun
2016-01-16;12.Jul
2016-01-17;12.Jul
2016-01-18;12.Jun
2016-01-19;12.May
2016-01-20;12.May
2016-01-21;12.May
2016-01-22;12.May
2016-01-23;12.Apr
2016-01-24;12.Mar
2016-01-25;12.Mar
2016-01-26;12.Mar
2016-01-27;12.Apr
2016-01-28;12.Mar
2016-01-29;12.Mar
2016-01-30;12.Feb
2016-01-31;12.Jan
2016-02-01;12.00
2016-02-02;12.00
2016-02-03;12.00
2016-02-04;12.00
2016-02-05;12.00
2016-02-06;12.00
2016-02-07;Nov.99
2016-02-08;Nov.99
2016-02-09;Nov.99
2016-02-10;Nov.98
2016-02-11;Nov.97
2016-02-12;Nov.96
2016-02-13;Nov.95
2016-02-14;Nov.94
2016-02-15;Nov.93
2016-02-16;Nov.92
2016-02-17;Nov.91
2016-02-18;Nov.91
2016-02-19;Nov.90
2016-02-20;Nov.89
2016-02-21;Nov.88
2016-02-22;Nov.87
2016-02-23;Nov.87
2016-02-24;Nov.87
2016-02-25;Nov.87
2016-02-26;Nov.86
2016-02-27;Nov.86
2016-02-28;Nov.85
2016-02-29;Nov.85
2016-03-01;Nov.85
2016-03-02;Nov.84
2016-03-03;Nov.84
2016-03-04;Nov.83
2016-03-05;Nov.82
2016-03-06;Nov.82
2016-03-07;Nov.81
2016-03-08;Nov.80
2016-03-09;Nov.81
2016-03-10;Nov.81
2016-03-11;Nov.81
2016-03-12;Nov.81
2016-03-13;Nov.81
2016-03-14;Nov.81
2016-03-15;Nov.81
2016-03-16;Nov.80
2016-03-17;Nov.80
2016-03-18;Nov.80
2016-03-19;Nov.80
2016-03-20;Nov.81
2016-03-21;Nov.81
2016-03-22;Nov.80
2016-03-23;Nov.81
2016-03-24;Nov.81
2016-03-25;Nov.80
2016-03-26;Nov.81
2016-03-27;Nov.82
2016-03-28;Nov.82
2016-03-29;Nov.81
2016-03-30;Nov.82
2016-03-31;Nov.82
2016-04-01;Nov.82
2016-04-02;Nov.83
2016-04-03;Nov.83
2016-04-04;Nov.83
2016-04-05;Nov.83
2016-04-06;Nov.83
2016-04-07;Nov.82
2016-04-08;Nov.81
2016-04-09;Nov.81
2016-04-10;Nov.81
2016-04-11;Nov.81
2016-04-12;Nov.82
2016-04-13;Nov.82
2016-04-14;Nov.81
2016-04-15;Nov.81
2016-04-16;Nov.82
2016-04-17;Nov.82
2016-04-18;Nov.83
2016-04-19;Nov.83
2016-04-20;Nov.83
2016-04-21;Nov.84
2016-04-22;Nov.85
2016-04-23;Nov.85
2016-04-24;Nov.85
2016-04-25;Nov.84
2016-04-26;Nov.85
2016-04-27;Nov.85
2016-04-28;Nov.85
2016-04-29;Nov.86
2016-04-30;Nov.86
2016-05-01;Nov.87
2016-05-02;Nov.88
2016-05-03;Nov.89
2016-05-04;Nov.89
2016-05-05;Nov.90
2016-05-06;Nov.90
2016-05-07;Nov.91
2016-05-08;Nov.92
2016-05-09;Nov.92
2016-05-10;Nov.94
2016-05-11;Nov.95
2016-05-12;Nov.97
2016-05-13;Nov.98
2016-05-14;Nov.99
2016-05-15;Nov.99
2016-05-16;12.Jan
2016-05-17;12.Mar
2016-05-18;12.May
2016-05-19;12.Jun
2016-05-20;12.Aug
2016-05-21;12.Oct
2016-05-22;12.Dec
2016-05-23;Dec.14
2016-05-24;Dec.17
2016-05-25;Dec.19
2016-05-26;Dec.22
2016-05-27;Dec.24
2016-05-28;Dec.26
2016-05-29;Dec.29
2016-05-30;Dec.39
2016-05-31;Dec.53
2016-06-01;Dec.71
2016-06-02;Dec.87
2016-06-03;13.Jan
2016-06-04;13.14
2016-06-05;13.25
2016-06-06;13.36
2016-06-07;13.46
2016-06-08;13.55
2016-06-09;13.64
2016-06-10;13.73
2016-06-11;13.80
2016-06-12;13.87
2016-06-13;13.94
2016-06-14;14.00
2016-06-15;14.Jul
2016-06-16;14.13
2016-06-17;14.20
2016-06-18;14.25
2016-06-19;14.31
2016-06-20;14.37
2016-06-21;14.42
2016-06-22;14.47
2016-06-23;14.52
2016-06-24;14.57
2016-06-25;14.62
2016-06-26;14.67
2016-06-27;14.71
2016-06-28;14.76
2016-06-29;14.80
2016-06-30;14.50
2016-07-01;13.90
2016-07-02;13.63
2016-07-03;13.59
2016-07-04;13.58
2016-07-05;13.59
2016-07-06;13.73
2016-07-07;13.91
2016-07-08;13.87
2016-07-09;13.75
2016-07-10;13.89
2016-07-11;14.Jun
2016-07-12;14.21
2016-07-13;14.33
2016-07-14;14.44
2016-07-15;14.54
2016-07-16;14.63
2016-07-17;14.67
2016-07-18;14.35
2016-07-19;14.Jul
2016-07-20;13.89
2016-07-21;13.78
2016-07-22;13.74
2016-07-23;13.71
2016-07-24;13.74
2016-07-25;13.88
2016-07-26;14.Jul
2016-07-27;14.24
2016-07-28;14.36
2016-07-29;14.47
2016-07-30;14.57
2016-07-31;14.65
2016-08-01;14.16
2016-08-02;13.58
2016-08-03;13.30
2016-08-04;13.27
2016-08-05;13.24
2016-08-06;13.30
2016-08-07;13.34
2016-08-08;13.36
2016-08-09;13.35
2016-08-10;13.Mar
2016-08-11;Dec.99
2016-08-12;13.Sep
2016-08-13;13.14
2016-08-14;13.17
2016-08-15;13.22
2016-08-16;13.26
2016-08-17;13.29
2016-08-18;13.32
2016-08-19;13.34
2016-08-20;13.35
2016-08-21;13.32
2016-08-22;13.35
2016-08-23;13.37
2016-08-24;13.39
2016-08-25;13.40
2016-08-26;13.41
2016-08-27;13.41
2016-08-28;13.43
2016-08-29;13.45
2016-08-30;13.47
2016-08-31;13.47
2016-09-01;13.41
2016-09-02;13.38
2016-09-03;13.36
2016-09-04;13.36
2016-09-05;13.38
2016-09-06;13.49
2016-09-07;13.41
2016-09-08;13.23
2016-09-09;13.19
2016-09-10;13.20
2016-09-11;13.19
2016-09-12;13.18
2016-09-13;13.17
2016-09-14;13.18
2016-09-15;13.17
2016-09-16;13.17
2016-09-17;13.17
2016-09-18;13.18
2016-09-19;13.18
2016-09-20;13.18
2016-09-21;13.17
2016-09-22;13.17
2016-09-23;13.18
2016-09-24;13.19
2016-09-25;13.20
2016-09-26;13.20
2016-09-27;13.16
2016-09-28;13.14
2016-09-29;13.13
2016-09-30;13.Nov
2016-10-01;13.Sep
2016-10-02;13.Jun
2016-10-03;13.Apr
2016-10-04;13.Mar
2016-10-05;13.Mar
2016-10-06;13.Apr
2016-10-07;13.May
2016-10-08;13.May
2016-10-09;13.Apr
2016-10-10;13.Mar
2016-10-11;13.Mar
2016-10-12;13.Mar
2016-10-13;13.Mar
2016-10-14;13.Mar
2016-10-15;13.Mar
2016-10-16;13.Mar
2016-10-17;13.Mar
2016-10-18;13.Mar
2016-10-19;13.Mar
2016-10-20;13.Mar
2016-10-21;13.Mar
2016-10-22;13.Feb
2016-10-23;13.Feb
2016-10-24;13.00
2016-10-25;Dec.98
2016-10-26;Dec.97
2016-10-27;Dec.96
2016-10-28;Dec.95
2016-10-29;Dec.94
2016-10-30;Dec.94
2016-10-31;Dec.93
2016-11-01;Dec.92
2016-11-02;Dec.91
2016-11-03;Dec.90
2016-11-04;Dec.90
2016-11-05;Dec.89
2016-11-06;Dec.89
2016-11-07;Dec.89
2016-11-08;Dec.89
2016-11-09;Dec.89
2016-11-10;Dec.88
2016-11-11;Dec.88
2016-11-12;Dec.87
2016-11-13;Dec.86
2016-11-14;Dec.86
2016-11-15;Dec.85
2016-11-16;Dec.85
2016-11-17;Dec.84
2016-11-18;Dec.84
2016-11-19;Dec.84
2016-11-20;Dec.83
2016-11-21;Dec.81
2016-11-22;Dec.81
2016-11-23;Dec.80
2016-11-24;Dec.79
2016-11-25;Dec.79
2016-11-26;Dec.78
2016-11-27;Dec.77
2016-11-28;Dec.77
2016-11-29;Dec.76
2016-11-30;Dec.76
2016-12-01;Dec.75
2016-12-02;Dec.75
2016-12-03;Dec.75
2016-12-04;Dec.74
2016-12-05;Dec.73
2016-12-06;Dec.73
2016-12-07;Dec.72
2016-12-08;Dec.72
2016-12-09;Dec.71
2016-12-10;Dec.70
2016-12-11;Dec.68
2016-12-12;Dec.67
2016-12-13;Dec.67
2016-12-14;Dec.66
2016-12-15;Dec.65
2016-12-16;Dec.63
2016-12-17;Dec.62
2016-12-18;Dec.62
2016-12-19;Dec.62
2016-12-20;Dec.62
2016-12-21;Dec.61
2016-12-22;Dec.59
2016-12-23;Dec.58
2016-12-24;Dec.56
2016-12-25;Dec.56
2016-12-26;Dec.56
2016-12-27;Dec.56
2016-12-28;Dec.56
2016-12-29;Dec.56
2016-12-30;Dec.55
2016-12-31;Dec.53
2017-01-01;Dec.52
2017-01-02;Dec.52
2017-01-03;Dec.52
2017-01-04;Dec.51
2017-01-05;Dec.51
2017-01-06;Dec.51
2017-01-07;Dec.51
2017-01-08;Dec.50
2017-01-09;Dec.50
2017-01-10;Dec.49
2017-01-11;Dec.48
2017-01-12;Dec.48
2017-01-13;Dec.48
2017-01-14;Dec.47
2017-01-15;Dec.47
2017-01-16;Dec.46
2017-01-17;Dec.46
2017-01-18;Dec.45
2017-01-19;Dec.45
2017-01-20;Dec.44
2017-01-21;Dec.45
2017-01-22;Dec.45
2017-01-23;Dec.36
2017-01-24;Dec.40
2017-01-25;Dec.43
2017-01-26;Dec.44
2017-01-27;Dec.45
2017-01-28;Dec.46
2017-01-29;Dec.46
2017-01-30;Dec.46
2017-01-31;Dec.45
2017-02-01;Dec.44
2017-02-02;Dec.44
2017-02-03;Dec.42
2017-02-04;Dec.41
2017-02-05;Dec.40
2017-02-06;Dec.39
2017-02-07;Dec.38
2017-02-08;Dec.38
2017-02-09;Dec.36
2017-02-10;Dec.35
2017-02-11;Dec.34
2017-02-12;Dec.32
2017-02-13;Dec.31
2017-02-14;Dec.30
2017-02-15;Dec.29
2017-02-16;Dec.28
2017-02-17;Dec.27
2017-02-18;Dec.27
2017-02-19;Dec.27
2017-02-20;Dec.27
2017-02-21;Dec.26
2017-02-22;Dec.25
2017-02-23;Dec.24
2017-02-24;Dec.23
2017-02-25;Dec.22
2017-02-26;Dec.22
2017-02-27;Dec.22
2017-02-28;Dec.22
2017-03-01;Dec.22
2017-03-02;Dec.21
2017-03-03;Dec.20
2017-03-04;Dec.20
2017-03-05;Dec.19
2017-03-06;Dec.18
2017-03-07;Dec.17
2017-03-08;Dec.16
2017-03-09;Dec.16
2017-03-10;Dec.15
2017-03-11;Dec.14
2017-03-12;Dec.13
2017-03-13;12.Dec
2017-03-14;12.Dec
2017-03-15;12.Nov
2017-03-16;12.Nov
2017-03-17;12.Nov
2017-03-18;12.Oct
2017-03-19;12.Oct
2017-03-20;12.Oct
2017-03-21;12.Sep
2017-03-22;12.Sep
2017-03-23;12.Sep
2017-03-24;12.Oct
2017-03-25;12.Sep
2017-03-26;12.Oct
2017-03-27;12.Oct
2017-03-28;12.Oct
2017-03-29;12.Nov
2017-03-30;12.Oct
2017-03-31;12.Oct
2017-04-01;12.Dec
2017-04-02;12.Nov
2017-04-03;12.Nov
2017-04-04;12.Dec
2017-04-05;Dec.13
2017-04-06;Dec.13
2017-04-07;Dec.13
2017-04-08;Dec.13
2017-04-09;12.Dec
2017-04-10;Dec.13
2017-04-11;Dec.13
2017-04-12;Dec.13
2017-04-13;Dec.13
2017-04-14;Dec.13
2017-04-15;Dec.14
2017-04-16;Dec.14
2017-04-17;Dec.14
2017-04-18;Dec.14
2017-04-19;Dec.15
2017-04-20;Dec.15
2017-04-21;Dec.15
2017-04-22;Dec.16
2017-04-23;Dec.17
2017-04-24;Dec.19
2017-04-25;Dec.20
2017-04-26;Dec.21
2017-04-27;Dec.24
2017-04-28;Dec.25
2017-04-29;Dec.27
2017-04-30;Dec.29
2017-05-01;Dec.30
2017-05-02;Dec.32
2017-05-03;Dec.34
2017-05-04;Dec.36
2017-05-05;Dec.37
2017-05-06;Dec.39
2017-05-07;Dec.41
2017-05-08;Dec.42
2017-05-09;Dec.43
2017-05-10;Dec.43
2017-05-11;Dec.44
2017-05-12;Dec.46
2017-05-13;Dec.49
2017-05-14;Dec.52
2017-05-15;Dec.56
2017-05-16;Dec.60
2017-05-17;Dec.63
2017-05-18;Dec.67
2017-05-19;Dec.77
2017-05-20;Dec.91
2017-05-21;13.Jul
2017-05-22;13.26
2017-05-23;13.43
2017-05-24;13.57
2017-05-25;13.70
2017-05-26;13.81
2017-05-27;13.93
2017-05-28;14.Mar
2017-05-29;14.Dec
2017-05-30;14.20
2017-05-31;14.28
2017-06-01;14.35
2017-06-02;14.41
2017-06-03;14.49
2017-06-04;14.56
2017-06-05;14.62
2017-06-06;14.68
2017-06-07;14.74
2017-06-08;14.79
2017-06-09;14.84
2017-06-10;14.89
2017-06-11;14.94
2017-06-12;14.99
2017-06-13;15.Mar
2017-06-14;15.Jun
2017-06-15;15.Aug
2017-06-16;15.Nov
2017-06-17;15.13
2017-06-18;15.15
2017-06-19;15.17
2017-06-20;15.20
2017-06-21;15.22
2017-06-22;15.24
2017-06-23;15.26
2017-06-24;15.28
2017-06-25;15.31
2017-06-26;15.33
2017-06-27;15.35
2017-06-28;15.38
2017-06-29;15.41
2017-06-30;15.43
2017-07-01;15.46
2017-07-02;15.48
2017-07-03;15.51
2017-07-04;15.53
2017-07-05;15.55
2017-07-06;15.57
2017-07-07;15.59
2017-07-08;15.60
2017-07-09;15.62
2017-07-10;15.64
2017-07-11;15.65
2017-07-12;15.67
2017-07-13;15.69
2017-07-14;15.71
2017-07-15;15.72
2017-07-16;15.73
2017-07-17;15.73
2017-07-18;15.72
2017-07-19;15.63
2017-07-20;14.72
2017-07-21;14.Sep
2017-07-22;13.87
2017-07-23;13.74
2017-07-24;13.68
2017-07-25;13.80
2017-07-26;13.93
2017-07-27;13.88
2017-07-28;13.80
2017-07-29;13.31
2017-07-30;13.Jan
2017-07-31;13.Feb
2017-08-01;13.Nov
2017-08-02;13.Oct
2017-08-03;13.Jan
2017-08-04;13.Oct
2017-08-05;13.16
2017-08-06;13.18
2017-08-07;13.20
2017-08-08;13.22
2017-08-09;13.23
2017-08-10;13.23
2017-08-11;13.21
2017-08-12;13.13
2017-08-13;Dec.94
2017-08-14;Dec.89
2017-08-15;Dec.91
2017-08-16;Dec.94
2017-08-17;Dec.98
2017-08-18;13.00
2017-08-19;13.Feb
2017-08-20;13.Jan
2017-08-21;13.Jan
2017-08-22;13.Jan
2017-08-23;13.00
2017-08-24;Dec.94
2017-08-25;Dec.83
2017-08-26;Dec.89
2017-08-27;Dec.95
2017-08-28;Dec.98
2017-08-29;13.00
2017-08-30;13.Jan
2017-08-31;13.Feb
2017-09-01;13.Mar
2017-09-02;13.Mar
2017-09-03;13.Jan
2017-09-04;13.Feb
2017-09-05;13.Feb
2017-09-06;13.Mar
2017-09-07;13.Mar
2017-09-08;13.Apr
2017-09-09;13.Feb
2017-09-10;13.Jan
2017-09-11;13.Mar
2017-09-12;13.Mar
2017-09-13;13.May
2017-09-14;13.Jun
2017-09-15;13.Oct
2017-09-16;13.22
2017-09-17;13.36
2017-09-18;13.55
2017-09-19;13.76
2017-09-20;13.94
2017-09-21;14.Aug
2017-09-22;14.20
2017-09-23;14.30
2017-09-24;14.37
2017-09-25;14.44
2017-09-26;14.51
2017-09-27;14.58
2017-09-28;14.65
2017-09-29;14.72
2017-09-30;14.78
2017-10-01;14.83
2017-10-02;14.89
2017-10-03;14.94
2017-10-04;14.99
2017-10-05;15.Feb
2017-10-06;15.May
2017-10-07;15.Aug
2017-10-08;15.Oct
2017-10-09;15.13
2017-10-10;15.15
2017-10-11;15.17
2017-10-12;15.20
2017-10-13;15.22
2017-10-14;15.24
2017-10-15;15.27
2017-10-16;15.29
2017-10-17;15.32
2017-10-18;15.36
2017-10-19;15.38
2017-10-20;15.40
2017-10-21;15.43
2017-10-22;15.45
2017-10-23;15.48
2017-10-24;15.50
2017-10-25;15.52
2017-10-26;15.54
2017-10-27;15.57
2017-10-28;15.59
2017-10-29;15.61
2017-10-30;15.63
2017-10-31;15.66
2017-11-01;15.68
2017-11-02;15.70
2017-11-03;15.73
2017-11-04;15.75
2017-11-05;15.76
2017-11-06;15.78
2017-11-07;15.79
2017-11-08;15.79
2017-11-09;15.78
2017-11-10;15.75
2017-11-11;15.72
2017-11-12;15.67
2017-11-13;15.63
2017-11-14;15.58
2017-11-15;15.53
2017-11-16;15.47
2017-11-17;15.38
2017-11-18;15.22
2017-11-19;14.98
2017-11-20;14.81
2017-11-21;14.76
2017-11-22;14.72
2017-11-23;14.69
2017-11-24;14.65
2017-11-25;14.63
2017-11-26;14.59
2017-11-27;14.56
2017-11-28;14.53
2017-11-29;14.50
2017-11-30;14.47
2017-12-01;14.44
2017-12-02;14.41
2017-12-03;14.38
2017-12-04;14.35
2017-12-05;14.33
2017-12-06;14.30
2017-12-07;14.28
2017-12-08;14.25
2017-12-09;14.24
2017-12-10;14.23
2017-12-11;14.21
2017-12-12;14.20
2017-12-13;14.18
2017-12-14;14.17
2017-12-15;14.15
2017-12-16;14.13
2017-12-17;14.Dec
2017-12-18;14.Oct
2017-12-19;14.Aug
2017-12-20;14.Jun
2017-12-21;14.Mar
2017-12-22;14.Feb
2017-12-23;14.00
2017-12-24;13.99
2017-12-25;13.98
2017-12-26;13.97
2017-12-27;13.96
2017-12-28;13.94
2017-12-29;13.92
2017-12-30;13.90
2017-12-31;13.88
2018-01-01;13.86
2018-01-02;13.84
2018-01-03;13.81
2018-01-04;13.79
2018-01-05;13.77
2018-01-06;13.74
2018-01-07;13.72
2018-01-08;13.69
2018-01-09;13.66
2018-01-10;13.63
2018-01-11;13.60
2018-01-12;13.58
2018-01-13;13.57
2018-01-14;13.55
2018-01-15;13.54
2018-01-16;13.52
2018-01-17;13.51
2018-01-18;13.49
2018-01-19;13.47
2018-01-20;13.46
2018-01-21;13.45
2018-01-22;13.43
2018-01-23;13.42
2018-01-24;13.41
2018-01-25;13.41
2018-01-26;13.40
2018-01-27;13.39
2018-01-28;13.37
2018-01-29;13.36
2018-01-30;13.34
2018-01-31;13.32
2018-02-01;13.30
2018-02-02;13.28
2018-02-03;13.26
2018-02-04;13.24
2018-02-05;13.21
2018-02-06;13.19
2018-02-07;13.17
2018-02-08;13.15
2018-02-09;13.13
2018-02-10;13.Nov
2018-02-11;13.Sep
2018-02-12;13.Jul
2018-02-13;13.May
2018-02-14;13.Mar
2018-02-15;13.00
2018-02-16;Dec.97
2018-02-17;Dec.94
2018-02-18;Dec.91
2018-02-19;Dec.88
2018-02-20;Dec.86
2018-02-21;Dec.85
2018-02-22;Dec.84
2018-02-23;Dec.83
2018-02-24;Dec.83
2018-02-25;Dec.82
2018-02-26;Dec.81
2018-02-27;Dec.80
2018-02-28;Dec.79
2018-03-01;Dec.79
2018-03-02;Dec.77
2018-03-03;Dec.76
2018-03-04;Dec.75
2018-03-05;Dec.73
2018-03-06;Dec.71
2018-03-07;Dec.69
2018-03-08;Dec.67
2018-03-09;Dec.65
2018-03-10;Dec.63
2018-03-11;Dec.61
2018-03-12;Dec.58
2018-03-13;Dec.55
2018-03-14;Dec.52
2018-03-15;Dec.49
2018-03-16;Dec.47
2018-03-17;Dec.46
2018-03-18;Dec.45
2018-03-19;Dec.44
2018-03-20;Dec.43
2018-03-21;Dec.42
2018-03-22;Dec.41
2018-03-23;Dec.39
2018-03-24;Dec.37
2018-03-25;Dec.35
2018-03-26;Dec.34
2018-03-27;Dec.34
2018-03-28;Dec.34
2018-03-29;Dec.34
2018-03-30;Dec.34
2018-03-31;Dec.33
2018-04-01;Dec.32
2018-04-02;Dec.31
2018-04-03;Dec.31
2018-04-04;Dec.30
2018-04-05;Dec.30
2018-04-06;Dec.28
2018-04-07;Dec.28
2018-04-08;Dec.27
2018-04-09;Dec.26
2018-04-10;Dec.26
2018-04-11;Dec.25
2018-04-12;Dec.24
2018-04-13;Dec.25
2018-04-14;Dec.25
2018-04-15;Dec.24
2018-04-16;Dec.25
2018-04-17;Dec.25
2018-04-18;Dec.25
2018-04-19;Dec.25
2018-04-20;Dec.26
2018-04-21;Dec.26
2018-04-22;Dec.25
2018-04-23;Dec.25
2018-04-24;Dec.24
2018-04-25;Dec.24
2018-04-26;Dec.23
2018-04-27;Dec.22
2018-04-28;Dec.21
2018-04-29;Dec.21
2018-04-30;Dec.21
2018-05-01;Dec.21
2018-05-02;Dec.23
2018-05-03;Dec.24
2018-05-04;Dec.24
2018-05-05;Dec.25
2018-05-06;Dec.25
2018-05-07;Dec.26
2018-05-08;Dec.26
2018-05-09;Dec.26
2018-05-10;Dec.27
2018-05-11;Dec.29
2018-05-12;Dec.32
2018-05-13;Dec.34
2018-05-14;Dec.36
2018-05-15;Dec.39
2018-05-16;Dec.42
2018-05-17;Dec.46
2018-05-18;Dec.58
2018-05-19;Dec.70
2018-05-20;Dec.82
2018-05-21;Dec.99
2018-05-22;13.22
2018-05-23;13.42
2018-05-24;13.59
2018-05-25;13.73
2018-05-26;13.85
2018-05-27;13.97
2018-05-28;14.Jul
2018-05-29;14.17
2018-05-30;14.26
2018-05-31;14.34
2018-06-01;14.42
2018-06-02;14.49
2018-06-03;14.56
2018-06-04;14.63
2018-06-05;14.70
2018-06-06;14.77
2018-06-07;14.83
2018-06-08;14.90
2018-06-09;14.98
2018-06-10;15.Feb
2018-06-11;15.May
2018-06-12;15.Jul
2018-06-13;15.Sep
2018-06-14;15.Nov
2018-06-15;15.14
2018-06-16;15.16
2018-06-17;15.18
2018-06-18;15.20
2018-06-19;15.23
2018-06-20;15.25
2018-06-21;15.29
2018-06-22;15.31
2018-06-23;15.33
2018-06-24;15.36
2018-06-25;15.38
2018-06-26;15.41
2018-06-27;15.44
2018-06-28;15.46
2018-06-29;15.49
2018-06-30;15.50
2018-07-01;15.51
2018-07-02;15.53
2018-07-03;15.54
2018-07-04;15.55
2018-07-05;15.56
2018-07-06;15.58
2018-07-07;15.60
2018-07-08;15.63
2018-07-09;15.66
2018-07-10;15.68
2018-07-11;15.70
2018-07-12;15.72
2018-07-13;15.74
2018-07-14;15.76
2018-07-15;15.78
2018-07-16;15.78
2018-07-17;15.79
2018-07-18;15.79
2018-07-19;15.79
2018-07-20;15.78
2018-07-21;15.78
2018-07-22;15.78
2018-07-23;15.77
2018-07-24;15.75
2018-07-25;15.74
2018-07-26;15.73
2018-07-27;15.72
2018-07-28;15.73
2018-07-29;15.73
2018-07-30;15.74
2018-07-31;15.74
2018-08-01;15.73
2018-08-02;15.70
2018-08-03;15.64
2018-08-04;15.50
2018-08-05;15.34
2018-08-06;15.20
2018-08-07;15.Sep
2018-08-08;14.97
2018-08-09;14.63
2018-08-10;14.39
2018-08-11;14.36
2018-08-12;14.31
2018-08-13;14.19
2018-08-14;14.33
2018-08-15;14.42
2018-08-16;14.44
2018-08-17;14.43
2018-08-18;14.41
2018-08-19;14.42
2018-08-20;14.42
2018-08-21;14.Nov
2018-08-22;13.91
2018-08-23;14.Mar
2018-08-24;14.Mar
2018-08-25;13.91
2018-08-26;13.96
2018-08-27;14.Jan
2018-08-28;14.Oct
2018-08-29;14.15
2018-08-30;14.18
2018-08-31;14.20
2018-09-01;14.21
2018-09-02;14.21
2018-09-03;14.Dec
2018-09-04;13.99
2018-09-05;14.Jan
2018-09-06;14.Sep
2018-09-07;14.16
2018-09-08;14.19
2018-09-09;14.22
2018-09-10;14.23
2018-09-11;14.23
2018-09-12;14.23
2018-09-13;14.24
2018-09-14;14.25
2018-09-15;14.34
2018-09-16;14.58
2018-09-17;14.81
2018-09-18;14.95
2018-09-19;15.Apr
2018-09-20;15.Sep
2018-09-21;15.Oct
2018-09-22;15.Jul
2018-09-23;15.May
2018-09-24;15.Jul
2018-09-25;15.Nov
2018-09-26;15.15
2018-09-27;15.19
2018-09-28;15.23
2018-09-29;15.27
2018-09-30;15.30
2018-10-01;15.34
2018-10-02;15.38
2018-10-03;15.42
2018-10-04;15.45
2018-10-05;15.49
2018-10-06;15.53
2018-10-07;15.58
2018-10-08;15.62
2018-10-09;15.67
2018-10-10;15.72
2018-10-11;15.75
2018-10-12;15.78
2018-10-13;15.81
2018-10-14;15.83
2018-10-15;15.86
2018-10-16;15.88
2018-10-17;15.90
2018-10-18;15.92
2018-10-19;15.93
2018-10-20;15.95
2018-10-21;15.97
2018-10-22;15.99
2018-10-23;16.Jan
2018-10-24;16.Feb
2018-10-25;16.Feb
2018-10-26;16.00
2018-10-27;15.98
2018-10-28;15.96
2018-10-29;15.93
2018-10-30;15.90
2018-10-31;15.87
2018-11-01;15.84
2018-11-02;15.81
2018-11-03;15.78
2018-11-04;15.75
2018-11-05;15.71
2018-11-06;15.68
2018-11-07;15.65
2018-11-08;15.62
2018-11-09;15.60
2018-11-10;15.57
2018-11-11;15.54
2018-11-12;15.50
2018-11-13;15.47
2018-11-14;15.44
2018-11-15;15.41
2018-11-16;15.37
2018-11-17;15.34
2018-11-18;15.31
2018-11-19;15.27
2018-11-20;15.23
2018-11-21;15.18
2018-11-22;15.Dec
2018-11-23;15.May
2018-11-24;14.96
2018-11-25;14.90
2018-11-26;14.85
2018-11-27;14.80
2018-11-28;14.76
2018-11-29;14.73
2018-11-30;14.70
2018-12-01;14.67
2018-12-02;14.64
2018-12-03;14.60
2018-12-04;14.57
2018-12-05;14.51
2018-12-06;14.49
2018-12-07;14.46
2018-12-08;14.43
2018-12-09;14.39
2018-12-10;14.36
2018-12-11;14.33
2018-12-12;14.31
2018-12-13;14.30
2018-12-14;14.27
2018-12-15;14.25
2018-12-16;14.24
2018-12-17;14.23
2018-12-18;14.21
2018-12-19;14.17
2018-12-20;14.15
2018-12-21;14.Dec
2018-12-22;14.Nov
2018-12-23;14.Sep
2018-12-24;14.Jul
2018-12-25;14.May
2018-12-26;14.Mar
2018-12-27;14.Jan
2018-12-28;13.99
2018-12-29;13.98
2018-12-30;13.97
2018-12-31;13.96
2019-01-01;13.95
2019-01-02;13.94
2019-01-03;13.93
2019-01-04;13.92
2019-01-05;13.92
2019-01-06;13.90
2019-01-07;13.88
2019-01-08;13.85
2019-01-09;13.82
2019-01-10;13.79
2019-01-11;13.77
2019-01-12;13.74
2019-01-13;13.72
2019-01-14;13.70
2019-01-15;13.68
2019-01-16;13.66
2019-01-17;13.64
2019-01-18;13.61
2019-01-19;13.60
2019-01-20;13.57
2019-01-21;13.55
2019-01-22;13.54
2019-01-23;13.53
2019-01-24;13.52
2019-01-25;13.51
2019-01-26;13.51
2019-01-27;13.50
2019-01-28;13.49
2019-01-29;13.47
2019-01-30;13.46
2019-01-31;13.44
2019-02-01;13.41
2019-02-02;13.39
2019-02-03;13.36
2019-02-04;13.33
2019-02-05;13.31
2019-02-06;13.28
2019-02-07;13.26
2019-02-08;13.25
2019-02-09;13.25
2019-02-10;13.25
2019-02-11;13.24
2019-02-12;13.24
2019-02-13;13.22
2019-02-14;13.21
2019-02-15;13.19
2019-02-16;13.17
2019-02-17;13.13
2019-02-18;13.Nov
2019-02-19;13.Oct
2019-02-20;13.Sep
2019-02-21;13.Aug
2019-02-22;13.Jul
2019-02-23;13.Jul
2019-02-24;13.Jun
2019-02-25;13.May
2019-02-26;13.Apr
2019-02-27;13.Feb
2019-02-28;Dec.99
2019-03-01;Dec.96
2019-03-02;Dec.93
2019-03-03;Dec.90
2019-03-04;Dec.86
2019-03-05;Dec.83
2019-03-06;Dec.81
2019-03-07;Dec.78
2019-03-08;Dec.76
2019-03-09;Dec.75
2019-03-10;Dec.74
2019-03-11;Dec.73
2019-03-12;Dec.71
2019-03-13;Dec.69
2019-03-14;Dec.68
2019-03-15;Dec.59
2019-03-16;Dec.58
2019-03-17;Dec.59
2019-03-18;Dec.60
2019-03-19;Dec.59
2019-03-20;Dec.58
2019-03-21;Dec.57
2019-03-22;Dec.56
2019-03-23;Dec.56
2019-03-24;Dec.56
2019-03-25;Dec.55
2019-03-26;Dec.54
2019-03-27;Dec.53
2019-03-28;Dec.52
2019-03-29;Dec.50
2019-03-30;Dec.49
2019-03-31;Dec.49
2019-04-01;Dec.48
2019-04-02;Dec.48
2019-04-03;Dec.48
2019-04-04;Dec.47
2019-04-05;Dec.47
2019-04-06;Dec.47
2019-04-07;Dec.47
2019-04-08;Dec.46
2019-04-09;Dec.45
2019-04-10;Dec.44
2019-04-11;Dec.43
2019-04-12;Dec.43
2019-04-13;Dec.44
2019-04-14;Dec.44
2019-04-15;Dec.44
2019-04-16;Dec.44
2019-04-17;Dec.44
2019-04-18;Dec.43
2019-04-19;Dec.43
2019-04-20;Dec.42
2019-04-21;Dec.42
2019-04-22;Dec.41
2019-04-23;Dec.41
2019-04-24;Dec.40
2019-04-25;Dec.41
2019-04-26;Dec.40
2019-04-27;Dec.40
2019-04-28;Dec.39
2019-04-29;Dec.39
2019-04-30;Dec.40
2019-05-01;Dec.40
2019-05-02;Dec.41
2019-05-03;Dec.41
2019-05-04;Dec.42
2019-05-05;Dec.43
2019-05-06;Dec.44
2019-05-07;Dec.45
2019-05-08;Dec.46
2019-05-09;Dec.46
2019-05-10;Dec.48
2019-05-11;Dec.49
2019-05-12;Dec.49
2019-05-13;Dec.48
2019-05-14;Dec.50
2019-05-15;Dec.52
2019-05-16;Dec.53
2019-05-17;Dec.55
2019-05-18;Dec.57
2019-05-19;Dec.59
2019-05-20;Dec.61
2019-05-21;Dec.63
2019-05-22;Dec.65
2019-05-23;Dec.69
2019-05-24;Dec.71
2019-05-25;Dec.73
2019-05-26;Dec.76
2019-05-27;Dec.80
2019-05-28;Dec.87
2019-05-29;Dec.96
2019-05-30;13.Jul
2019-05-31;13.26
2019-06-01;13.53
2019-06-02;13.75
2019-06-03;13.94
2019-06-04;14.Sep
2019-06-05;14.23
2019-06-06;14.35
2019-06-07;14.45
2019-06-08;14.56
2019-06-09;14.68
2019-06-10;14.79
2019-06-11;14.88
2019-06-12;14.97
2019-06-13;15.00
2019-06-14;15.Mar
2019-06-15;15.Jul
2019-06-16;15.Sep
2019-06-17;15.Dec
2019-06-18;15.15
2019-06-19;15.17
2019-06-20;15.20
2019-06-21;15.23
2019-06-22;15.26
2019-06-23;15.29
2019-06-24;15.32
2019-06-25;15.35
2019-06-26;15.38
2019-06-27;15.41
2019-06-28;15.43
2019-06-29;15.46
2019-06-30;15.49
2019-07-01;15.52
2019-07-02;15.55
2019-07-03;15.57
2019-07-04;15.60
2019-07-05;15.63
2019-07-06;15.66
2019-07-07;15.69
2019-07-08;15.72
2019-07-09;15.75
2019-07-10;15.77
2019-07-11;15.78
2019-07-12;15.80
2019-07-13;15.81
2019-07-14;15.83
2019-07-15;15.84
2019-07-16;15.86
2019-07-17;15.88
2019-07-18;15.90
2019-07-19;15.91
2019-07-20;15.93
2019-07-21;15.94
2019-07-22;15.95
2019-07-23;15.96
2019-07-24;15.98
2019-07-25;15.98
2019-07-26;15.99
2019-07-27;15.99
2019-07-28;16.00
2019-07-29;16.Jan
2019-07-30;16.Jan
2019-07-31;16.Feb
2019-08-01;16.00
2019-08-02;15.98
2019-08-03;15.97
2019-08-04;15.96
2019-08-05;15.95
2019-08-06;15.94
2019-08-07;15.95
2019-08-08;15.95
2019-08-09;15.96
2019-08-10;15.96
2019-08-11;15.97
2019-08-12;15.97
2019-08-13;15.96
2019-08-14;15.95
2019-08-15;15.94
2019-08-16;15.94
2019-08-17;15.95
2019-08-18;15.95
2019-08-19;15.96
2019-08-20;15.97
2019-08-21;15.98
2019-08-22;15.99
2019-08-23;16.00
2019-08-24;16.Jan
2019-08-25;16.Feb
2019-08-26;16.Jan
2019-08-27;16.00
2019-08-28;15.98
2019-08-29;15.96
2019-08-30;15.94
2019-08-31;15.91
2019-09-01;15.89
2019-09-02;15.86
2019-09-03;15.84
2019-09-04;15.83
2019-09-05;15.82
2019-09-06;15.83
2019-09-07;15.83
2019-09-08;15.84
2019-09-09;15.83
2019-09-10;15.83
2019-09-11;15.84
2019-09-12;15.84
2019-09-13;15.85
2019-09-14;15.86
2019-09-15;15.88
2019-09-16;15.89
2019-09-17;15.90
2019-09-18;15.91
2019-09-19;15.92
2019-09-20;15.92
2019-09-21;15.92
2019-09-22;15.93
2019-09-23;15.94
2019-09-24;15.94
2019-09-25;15.95
2019-09-26;15.92
2019-09-27;15.87
2019-09-28;15.82
2019-09-29;15.79
2019-09-30;15.76
2019-10-01;15.73
2019-10-02;15.70
2019-10-03;15.67
2019-10-04;15.64
2019-10-05;15.61
2019-10-06;15.58
2019-10-07;15.54
2019-10-08;15.51
2019-10-09;15.47
2019-10-10;15.42
2019-10-11;15.37
2019-10-12;15.33
2019-10-13;15.30
2019-10-14;15.29
2019-10-15;15.30
2019-10-16;15.32
2019-10-17;15.34
2019-10-18;15.37
2019-10-19;15.40
2019-10-20;15.42
2019-10-21;15.45
2019-10-22;15.48
2019-10-23;15.52
2019-10-24;15.55
2019-10-25;15.59
2019-10-26;15.62
2019-10-27;15.66
2019-10-28;15.70
2019-10-29;15.74
2019-10-30;15.78
2019-10-31;15.80
2019-11-01;15.82
2019-11-02;15.84
2019-11-03;15.85
2019-11-04;15.85
2019-11-05;15.85
2019-11-06;15.85
2019-11-07;15.84
2019-11-08;15.83
2019-11-09;15.82
2019-11-10;15.80
2019-11-11;15.78
2019-11-12;15.77
2019-11-13;15.75
2019-11-14;15.72
2019-11-15;15.70
2019-11-16;15.68
2019-11-17;15.66
2019-11-18;15.65
2019-11-19;15.63
2019-11-20;15.61
2019-11-21;15.59
2019-11-22;15.57
2019-11-23;15.55
2019-11-24;15.53
2019-11-25;15.51
2019-11-26;15.49
2019-11-27;15.48
2019-11-28;15.44
2019-11-29;Dec.96
2019-11-30;Dec.71
2019-12-01;Dec.91
2019-12-02;13.37
2019-12-03;13.65
2019-12-04;13.82
2019-12-05;13.90
2019-12-06;13.93
2019-12-07;13.93
2019-12-08;13.92
2019-12-09;13.90
2019-12-10;13.89
2019-12-11;13.78
2019-12-12;13.76
2019-12-13;13.77
2019-12-14;13.78
2019-12-15;13.79
2019-12-16;13.79
2019-12-17;13.79
2019-12-18;13.78
2019-12-19;13.79
2019-12-20;13.80
2019-12-21;13.79
2019-12-22;13.78
2019-12-23;13.78
2019-12-24;13.77
2019-12-25;13.75
2019-12-26;13.73
2019-12-27;13.72
2019-12-28;13.70
2019-12-29;13.64
2019-12-30;13.58
2019-12-31;13.57
2020-01-01;13.57
2020-01-02;13.57
2020-01-03;13.57
2020-01-04;13.56
2020-01-05;13.55
2020-01-06;13.54
2020-01-07;13.52
2020-01-08;13.51
2020-01-09;13.50
2020-01-10;13.49
2020-01-11;13.47
2020-01-12;13.45
2020-01-13;13.44
2020-01-14;13.43
2020-01-15;13.42
2020-01-16;13.40
2020-01-17;13.37
2020-01-18;13.35
2020-01-19;13.32
2020-01-20;13.30
2020-01-21;13.28
2020-01-22;13.25
2020-01-23;13.23
2020-01-24;13.20
2020-01-25;13.18
2020-01-26;13.16
2020-01-27;13.14
2020-01-28;13.Nov
2020-01-29;13.Sep
2020-01-30;13.Sep
2020-01-31;13.Aug
2020-02-01;13.Jul
2020-02-02;13.May
2020-02-03;13.Apr
2020-02-04;13.Mar
2020-02-05;13.Jan
2020-02-06;13.Jan
2020-02-07;13.Jan
2020-02-08;13.00
2020-02-09;Dec.98
2020-02-10;Dec.96
2020-02-11;Dec.92
2020-02-12;Dec.89
2020-02-13;Dec.88
2020-02-14;Dec.86
2020-02-15;Dec.84
2020-02-16;Dec.81
2020-02-17;Dec.79
2020-02-18;Dec.77
2020-02-19;Dec.75
2020-02-20;Dec.72
2020-02-21;Dec.70
2020-02-22;Dec.67
2020-02-23;Dec.65
2020-02-24;Dec.63
2020-02-25;Dec.62
2020-02-26;Dec.61
2020-02-27;Dec.60
2020-02-28;Dec.60
2020-02-29;Dec.59
2020-03-01;Dec.57
2020-03-02;Dec.55
2020-03-03;Dec.53
2020-03-04;Dec.53
2020-03-05;Dec.52
2020-03-06;Dec.50
2020-03-07;Dec.48
2020-03-08;Dec.46
2020-03-09;Dec.43
2020-03-10;Dec.41
2020-03-11;Dec.39
2020-03-12;Dec.37
2020-03-13;Dec.35
2020-03-14;Dec.28
2020-03-15;Dec.17
2020-03-16;Dec.18
2020-03-17;Dec.20
2020-03-18;Dec.20
2020-03-19;Dec.20
2020-03-20;12.Jan
2020-03-21;12.Apr
2020-03-22;12.Aug
2020-03-23;12.Dec
2020-03-24;Dec.14
2020-03-25;Dec.15
2020-03-26;Dec.15
2020-03-27;Dec.15
2020-03-28;Dec.17
2020-03-29;Dec.17
2020-03-30;Dec.19
2020-03-31;Dec.19
2020-04-01;Dec.18
2020-04-02;Dec.18
2020-04-03;Dec.17
2020-04-04;Dec.17
2020-04-05;Dec.17
2020-04-06;Dec.17
2020-04-07;Dec.17
2020-04-08;Dec.16
2020-04-09;Dec.16
2020-04-10;Dec.16
2020-04-11;Dec.16
2020-04-12;Dec.17
2020-04-13;Dec.17
2020-04-14;Dec.17
2020-04-15;Dec.17
2020-04-16;Dec.16
2020-04-17;Dec.16
2020-04-18;Dec.14
2020-04-19;12.Nov
2020-04-20;Dec.13
2020-04-21;Dec.13
2020-04-22;Dec.13
2020-04-23;Dec.13
2020-04-24;Dec.13
2020-04-25;12.Dec
2020-04-26;12.Nov
2020-04-27;12.Nov
2020-04-28;12.Oct
2020-04-29;12.Oct
2020-04-30;12.Oct
2020-05-01;12.Sep
2020-05-02;12.Oct
2020-05-03;12.Oct
2020-05-04;12.Sep
2020-05-05;12.Oct
2020-05-06;12.Oct
2020-05-07;12.Nov
2020-05-08;12.Dec
2020-05-09;Dec.13
2020-05-10;Dec.14
2020-05-11;Dec.14
2020-05-12;Dec.16
2020-05-13;Dec.17
2020-05-14;Dec.20
2020-05-15;Dec.22
2020-05-16;Dec.24
2020-05-17;Dec.26
2020-05-18;Dec.28
2020-05-19;Dec.31
2020-05-20;Dec.34
2020-05-21;Dec.36
2020-05-22;Dec.39
2020-05-23;Dec.42
2020-05-24;Dec.45
2020-05-25;Dec.48
2020-05-26;Dec.51
2020-05-27;Dec.54
2020-05-28;Dec.57
2020-05-29;Dec.62
2020-05-30;Dec.65
2020-05-31;Dec.76
2020-06-01;Dec.97
2020-06-02;13.24
2020-06-03;13.47
2020-06-04;13.67
2020-06-05;13.85
2020-06-06;14.Jan
2020-06-07;14.16
2020-06-08;14.30
2020-06-09;14.41
2020-06-10;14.52
2020-06-11;14.63
2020-06-12;14.73
2020-06-13;14.83
2020-06-14;14.91
2020-06-15;14.98
2020-06-16;14.91
2020-06-17;14.57
2020-06-18;14.62
2020-06-19;14.72
2020-06-20;14.89
2020-06-21;15.Jan
2020-06-22;15.May
2020-06-23;15.Aug
2020-06-24;15.Nov
2020-06-25;15.14
2020-06-26;15.17
2020-06-27;15.20
2020-06-28;15.23
2020-06-29;15.26
2020-06-30;15.29
2020-07-01;15.32
2020-07-02;15.36
2020-07-03;15.39
2020-07-04;15.42
2020-07-05;15.43
2020-07-06;15.45
2020-07-07;15.46
2020-07-08;15.48
2020-07-09;15.50
2020-07-10;15.52
2020-07-11;15.54
2020-07-12;15.57
2020-07-13;15.59
2020-07-14;15.62
2020-07-15;15.66
2020-07-16;15.70
2020-07-17;15.73
2020-07-18;15.76
2020-07-19;15.78
2020-07-20;15.80
2020-07-21;15.82
2020-07-22;15.84
2020-07-23;15.86
2020-07-24;15.88
2020-07-25;15.89
2020-07-26;15.91
2020-07-27;15.92
2020-07-28;15.93
2020-07-29;15.94
2020-07-30;15.95
2020-07-31;15.96
2020-08-01;15.98
2020-08-02;15.99
2020-08-03;16.00
2020-08-04;16.00
2020-08-05;16.00
2020-08-06;15.99
2020-08-07;15.98
2020-08-08;15.98
2020-08-09;15.98
2020-08-10;15.99
2020-08-11;15.99
2020-08-12;16.00
2020-08-13;16.Jan
2020-08-14;16.Feb
2020-08-15;16.Mar
2020-08-16;16.Apr
2020-08-17;16.May
2020-08-18;16.Jun
2020-08-19;16.Jul
2020-08-20;16.Aug
2020-08-21;16.Sep
2020-08-22;16.Nov
2020-08-23;16.Dec
2020-08-24;16.14
2020-08-25;16.15
2020-08-26;16.17
2020-08-27;16.18
2020-08-28;16.20
2020-08-29;16.21
2020-08-30;16.23
2020-08-31;16.25
2020-09-01;16.26
2020-09-02;16.27
2020-09-03;16.28
2020-09-04;16.27
2020-09-05;16.27
2020-09-06;16.26
2020-09-07;16.26
2020-09-08;16.26
2020-09-09;16.26
2020-09-10;16.26
2020-09-11;16.27
2020-09-12;16.27
2020-09-13;16.28
2020-09-14;16.29
2020-09-15;16.30
2020-09-16;16.31
2020-09-17;16.33
2020-09-18;16.34
2020-09-19;16.35
2020-09-20;16.36
2020-09-21;16.37
2020-09-22;16.39
2020-09-23;16.40
2020-09-24;16.41
2020-09-25;16.50
2020-09-26;16.79
2020-09-27;17.15
2020-09-28;17.34
2020-09-29;17.43
2020-09-30;17.47
2020-10-01;17.51
2020-10-02;17.54
2020-10-03;17.57
2020-10-04;17.56
2020-10-05;17.59
2020-10-06;
2020-10-07;
2020-10-08;
2020-10-09;
2020-10-10;
2020-10-11;
2020-10-12;
2020-10-13;
2020-10-14;
2020-10-15;
2020-10-16;
2020-10-17;
2020-10-18;
2020-10-19;
2020-10-20;
2020-10-21;
2020-10-22;
2020-10-23;
2020-10-24;
2020-10-25;
2020-10-26;
2020-10-27;
2020-10-28;
2020-10-29;
2020-10-30;
2020-10-31;
2020-11-01;
2020-11-02;
2020-11-03;
2020-11-04;
2020-11-05;
2020-11-06;
2020-11-07;
2020-11-08;
2020-11-09;
2020-11-10;
2020-11-11;
2020-11-12;
2020-11-13;
2020-11-14;
2020-11-15;
2020-11-16;
2020-11-17;
2020-11-18;
2020-11-19;
2020-11-20;
2020-11-21;
2020-11-22;
2020-11-23;
2020-11-24;
2020-11-25;
2020-11-26;
2020-11-27;
2020-11-28;
2020-11-29;
2020-11-30;
2020-12-01;
2020-12-02;
2020-12-03;
2020-12-04;
2020-12-05;
2020-12-06;
2020-12-07;
2020-12-08;
2020-12-09;
2020-12-10;
2020-12-11;
2020-12-12;
2020-12-13;
2020-12-14;
2020-12-15;
2020-12-16;
2020-12-17;
2020-12-18;
2020-12-19;
2020-12-20;
2020-12-21;
2020-12-22;
2020-12-23;
2020-12-24;
2020-12-25;
2020-12-26;16.44
2020-12-27;16.43
2020-12-28;16.43
2020-12-29;16.42
2020-12-30;16.42
2020-12-31;16.41
2021-01-01;16.41
2021-01-02;16.41
2021-01-03;16.40
2021-01-04;16.40
2021-01-05;16.39
2021-01-06;16.39
2021-01-07;16.38
2021-01-08;16.37
2021-01-09;16.36
2021-01-10;16.35
2021-01-11;16.34
2021-01-12;16.33
2021-01-13;16.31
2021-01-14;16.29
2021-01-15;16.27
2021-01-16;16.25
2021-01-17;16.23
2021-01-18;16.21
2021-01-19;16.19
2021-01-20;16.16
2021-01-21;16.Sep
2021-01-22;15.86
2021-01-23;15.57
2021-01-24;15.29
2021-01-25;15.16
2021-01-26;15.Dec
2021-01-27;15.Nov
2021-01-28;15.Oct
2021-01-29;15.Sep
2021-01-30;15.Aug
2021-01-31;15.Jun
2021-02-01;15.Mar
2021-02-02;14.99
2021-02-03;14.95
2021-02-04;14.92
2021-02-05;14.88
2021-02-06;14.85
2021-02-07;14.82
2021-02-08;14.84
2021-02-09;14.84
2021-02-10;14.80
2021-02-11;14.77
2021-02-12;14.74
2021-02-13;14.69
2021-02-14;14.63
2021-02-15;14.60
2021-02-16;14.57
2021-02-17;14.57
2021-02-18;14.57
2021-02-19;14.54
2021-02-20;14.51
2021-02-21;14.49
2021-02-22;14.44
2021-02-23;14.40
2021-02-24;14.37
2021-02-25;14.34
2021-02-26;14.30
2021-02-27;14.28
2021-02-28;14.26
2021-03-01;14.25
2021-03-02;14.22
2021-03-03;14.19
2021-03-04;14.16
2021-03-05;14.Nov
2021-03-06;14.May
2021-03-07;14.00
2021-03-08;13.94
2021-03-09;13.89
2021-03-10;13.85
2021-03-11;13.83
2021-03-12;13.82
2021-03-13;13.79
2021-03-14;13.77
2021-03-15;13.75
2021-03-16;13.73
2021-03-17;13.71
2021-03-18;13.69
2021-03-19;13.66
2021-03-20;13.62
2021-03-21;13.57
2021-03-22;13.53
2021-03-23;13.50
2021-03-24;13.49
2021-03-25;13.47
2021-03-26;13.46
2021-03-27;13.44
2021-03-28;13.41
2021-03-29;13.37
2021-03-30;13.34
2021-03-31;13.32
2021-04-01;13.29
2021-04-02;13.26
2021-04-03;13.23
2021-04-04;13.20
2021-04-05;13.17
2021-04-06;13.15
2021-04-07;
2021-04-08;
2021-04-09;
2021-04-10;13.Jul
2021-04-11;13.May
2021-04-12;13.Apr
2021-04-13;13.Feb
2021-04-14;13.Jan
2021-04-15;Dec.99
2021-04-16;Dec.99
2021-04-17;Dec.99
2021-04-18;13.00
2021-04-19;Dec.99
2021-04-20;Dec.98
2021-04-21;Dec.97
2021-04-22;Dec.96
2021-04-23;Dec.96
2021-04-24;Dec.95
2021-04-25;Dec.94
2021-04-26;Dec.93
2021-04-27;Dec.93
2021-04-28;Dec.92
2021-04-29;Dec.93
2021-04-30;Dec.93
2021-05-01;Dec.91
2021-05-02;Dec.89
2021-05-03;Dec.89
2021-05-04;Dec.89
2021-05-05;Dec.89
2021-05-06;Dec.90
2021-05-07;13.Mar
2021-05-08;13.16
2021-05-09;13.36
2021-05-10;13.62
2021-05-11;13.97
2021-05-12;14.23
2021-05-13;14.35
2021-05-14;14.44
2021-05-15;14.55
2021-05-16;14.67
2021-05-17;14.77
2021-05-18;14.86
2021-05-19;14.95
2021-05-20;15.Feb
2021-05-21;15.Aug
2021-05-22;15.Dec
2021-05-23;15.16
2021-05-24;15.20
2021-05-25;15.23
2021-05-26;15.27
2021-05-27;15.31
2021-05-28;15.34
2021-05-29;15.38
2021-05-30;15.42
2021-05-31;15.45
2021-06-01;15.49
2021-06-02;15.52
2021-06-03;15.56
2021-06-04;15.60
2021-06-05;15.64
2021-06-06;15.68
2021-06-07;15.72
2021-06-08;15.75
2021-06-09;15.78
2021-06-10;15.80
2021-06-11;15.82
2021-06-12;15.84
2021-06-13;15.86
2021-06-14;15.88
2021-06-15;15.89
2021-06-16;15.91
2021-06-17;15.93
2021-06-18;15.95
2021-06-19;15.96
2021-06-20;15.98
2021-06-21;16.00
2021-06-22;16.Feb
2021-06-23;16.Mar
2021-06-24;16.May
2021-06-25;16.Jul
2021-06-26;16.Aug
2021-06-27;16.Oct
2021-06-28;16.Dec
2021-06-29;16.14
2021-06-30;16.16
2021-07-01;16.17
2021-07-02;16.19
2021-07-03;16.21
2021-07-04;16.23
2021-07-05;16.24
2021-07-06;16.26
2021-07-07;16.28
2021-07-08;16.30
2021-07-09;16.31
2021-07-10;16.32
2021-07-11;16.34
2021-07-12;16.35
2021-07-13;16.36
2021-07-14;16.38
2021-07-15;16.41
2021-07-16;16.44
2021-07-17;16.41
2021-07-18;16.41
2021-07-19;16.41
2021-07-20;16.40
2021-07-21;16.36
2021-07-22;16.34
2021-07-23;16.32
2021-07-24;16.26
2021-07-25;16.21
2021-07-26;16.16
2021-07-27;16.Nov
2021-07-28;16.May
2021-07-29;15.98
2021-07-30;15.87
2021-07-31;15.75
2021-08-01;15.65
2021-08-02;15.55
2021-08-03;15.43
2021-08-04;15.18
2021-08-05;14.88
2021-08-06;14.79
2021-08-07;14.71
2021-08-08;14.67
2021-08-09;14.48
2021-08-10;14.Oct
2021-08-11;14.18
2021-08-12;14.Aug
2021-08-13;13.95
2021-08-14;13.73
2021-08-15;13.33
2021-08-16;13.34
2021-08-17;13.Aug
2021-08-18;13.00
2021-08-19;13.18
2021-08-20;13.55
2021-08-21;13.81
2021-08-22;13.98
2021-08-23;14.Jul
2021-08-24;13.95
2021-08-25;13.84
2021-08-26;13.99
2021-08-27;14.Sep
2021-08-28;14.14
2021-08-29;14.17
2021-08-30;14.20
2021-08-31;14.21
2021-09-01;14.20
2021-09-02;14.17
2021-09-03;14.18
2021-09-04;14.19
2021-09-05;14.14
2021-09-06;13.95
2021-09-07;13.94
2021-09-08;13.85
2021-09-09;13.82
2021-09-10;13.90
2021-09-11;13.94
2021-09-12;13.96
2021-09-13;13.97
2021-09-14;13.99
2021-09-15;13.99
2021-09-16;14.00
2021-09-17;14.Feb
2021-09-18;14.Jan
2021-09-19;14.00
2021-09-20;14.Jan
2021-09-21;14.Feb
2021-09-22;14.Mar
2021-09-23;14.Jan
2021-09-24;13.98
2021-09-25;13.98
2021-09-26;13.95
2021-09-27;13.91
2021-09-28;13.91
2021-09-29;13.93
2021-09-30;13.93
2021-10-01;13.89
2021-10-02;13.84
2021-10-03;13.87
2021-10-04;13.88
2021-10-05;13.89
2021-10-06;13.88
2021-10-07;13.88
2021-10-08;13.89
2021-10-09;13.90
2021-10-10;13.94
2021-10-11;14.Jan
2021-10-12;14.16
2021-10-13;14.33
2021-10-14;14.49
2021-10-15;14.48
2021-10-16;14.26
2021-10-17;14.22
2021-10-18;14.21
2021-10-19;14.21
2021-10-20;14.23
2021-10-21;14.25
2021-10-22;14.28
2021-10-23;14.31
2021-10-24;14.32
2021-10-25;14.28
2021-10-26;14.24
2021-10-27;14.27
2021-10-28;14.26
2021-10-29;14.19
2021-10-30;14.18
2021-10-31;14.17
2021-11-01;14.15
2021-11-02;14.13
2021-11-03;14.Nov
2021-11-04;14.Sep
2021-11-05;14.Aug
2021-11-06;14.Jun
2021-11-07;14.Mar
2021-11-08;14.00
2021-11-09;13.98
2021-11-10;13.96
2021-11-11;13.94
2021-11-12;13.93
2021-11-13;13.92
2021-11-14;13.91
2021-11-15;13.89
2021-11-16;13.87
2021-11-17;13.85
2021-11-18;13.84
2021-11-19;13.82
2021-11-20;13.80
2021-11-21;13.79
2021-11-22;13.77
2021-11-23;13.74
2021-11-24;13.71
2021-11-25;13.69
2021-11-26;13.65
2021-11-27;13.62
2021-11-28;13.61
2021-11-29;13.60
2021-11-30;13.60
2021-12-01;13.59
2021-12-02;13.57
2021-12-03;13.56
2021-12-04;13.54
2021-12-05;13.52
2021-12-06;13.51
2021-12-07;13.50
2021-12-08;13.50
2021-12-09;13.48
2021-12-10;13.48
2021-12-11;13.47
2021-12-12;13.45
2021-12-13;13.45
2021-12-14;13.43
2021-12-15;13.42
2021-12-16;13.39
2021-12-17;13.37
2021-12-18;13.37
2021-12-19;13.36
2021-12-20;13.37
2021-12-21;13.36
2021-12-22;13.36
2021-12-23;13.35
2021-12-24;13.33
2021-12-25;13.32
2021-12-26;13.29
2021-12-27;13.28
2021-12-28;13.27
2021-12-29;13.28
2021-12-30;13.28
2021-12-31;13.26
2022-01-01;13.27
2022-01-02;13.27
2022-01-03;13.26
2022-01-04;13.27
2022-01-05;13.27
2022-01-06;13.26
2022-01-07;13.25
2022-01-08;13.24
2022-01-09;13.24
2022-01-10;13.23
2022-01-11;13.21
2022-01-12;13.21
2022-01-13;13.21
2022-01-14;13.20
2022-01-15;13.20
2022-01-16;13.19
2022-01-17;13.18
2022-01-18;13.17
2022-01-19;13.16
2022-01-20;13.15
2022-01-21;13.13
2022-01-22;13.Dec
2022-01-23;13.Dec
2022-01-24;13.Dec
2022-01-25;13.Nov
2022-01-26;13.Nov
2022-01-27;13.Nov
2022-01-28;13.Dec
2022-01-29;13.Nov
2022-01-30;13.Oct
2022-01-31;13.Oct
2022-02-01;13.Aug
2022-02-02;13.Jul