datetime;DTG_f
2012-09-13;2.60
2012-09-14;2.59
2012-09-15;2.60
2012-09-16;2.61
2012-09-17;2.61
2012-09-18;2.62
2012-09-19;2.63
2012-09-20;2.64
2012-09-21;2.65
2012-09-22;2.66
2012-09-23;2.67
2012-09-24;2.68
2012-09-25;2.68
2012-09-26;2.69
2012-09-27;2.70
2012-09-28;2.71
2012-09-29;2.72
2012-09-30;2.72
2012-10-01;2.72
2012-10-02;2.73
2012-10-03;2.74
2012-10-04;2.75
2012-10-05;2.76
2012-10-06;2.76
2012-10-07;2.76
2012-10-08;2.77
2012-10-09;2.78
2012-10-10;2.79
2012-10-11;2.79
2012-10-12;2.80
2012-10-13;2.81
2012-10-14;2.82
2012-10-15;2.82
2012-10-16;2.81
2012-10-17;2.82
2012-10-18;2.83
2012-10-19;2.83
2012-10-20;2.83
2012-10-21;2.83
2012-10-22;2.84
2012-10-23;2.84
2012-10-24;2.84
2012-10-25;2.85
2012-10-26;2.85
2012-10-27;2.86
2012-10-28;2.86
2012-10-29;2.87
2012-10-30;2.87
2012-10-31;2.87
2012-11-01;2.86
2012-11-02;2.86
2012-11-03;2.87
2012-11-04;2.87
2012-11-05;2.87
2012-11-06;2.87
2012-11-07;2.87
2012-11-08;2.86
2012-11-09;2.84
2012-11-10;2.84
2012-11-11;2.85
2012-11-12;2.86
2012-11-13;2.85
2012-11-14;2.84
2012-11-15;2.83
2012-11-16;2.82
2012-11-17;2.82
2012-11-18;2.80
2012-11-19;2.80
2012-11-20;2.79
2012-11-21;2.79
2012-11-22;2.78
2012-11-23;2.79
2012-11-24;2.78
2012-11-25;2.76
2012-11-26;2.76
2012-11-27;2.77
2012-11-28;2.77
2012-11-29;2.76
2012-11-30;2.76
2012-12-01;2.75
2012-12-02;2.74
2012-12-03;2.74
2012-12-04;2.75
2012-12-05;2.74
2012-12-06;2.72
2012-12-07;2.71
2012-12-08;2.71
2012-12-09;2.71
2012-12-10;2.71
2012-12-11;2.71
2012-12-12;2.70
2012-12-13;2.69
2012-12-14;2.64
2012-12-15;2.65
2012-12-16;2.66
2012-12-17;2.67
2012-12-18;2.65
2012-12-19;2.66
2012-12-20;2.69
2012-12-21;2.68
2012-12-22;2.68
2012-12-23;2.67
2012-12-24;2.66
2012-12-25;2.66
2012-12-26;2.65
2012-12-27;2.65
2012-12-28;2.66
2012-12-29;2.66
2012-12-30;2.64
2012-12-31;2.65
2013-01-01;2.65
2013-01-02;2.65
2013-01-03;2.65
2013-01-04;2.66
2013-01-05;2.66
2013-01-06;2.65
2013-01-07;2.63
2013-01-08;2.63
2013-01-09;2.64
2013-01-10;2.63
2013-01-11;2.62
2013-01-12;2.62
2013-01-13;2.63
2013-01-14;2.63
2013-01-15;2.64
2013-01-16;2.65
2013-01-17;2.65
2013-01-18;2.64
2013-01-19;2.64
2013-01-20;2.63
2013-01-21;2.63
2013-01-22;2.63
2013-01-23;2.63
2013-01-24;2.63
2013-01-25;2.62
2013-01-26;2.60
2013-01-27;2.59
2013-01-28;2.58
2013-01-29;2.59
2013-01-30;2.60
2013-01-31;2.61
2013-02-01;2.61
2013-02-02;2.61
2013-02-03;2.60
2013-02-04;2.59
2013-02-05;2.59
2013-02-06;2.58
2013-02-07;2.59
2013-02-08;2.58
2013-02-09;2.57
2013-02-10;2.58
2013-02-11;2.58
2013-02-12;2.59
2013-02-13;2.59
2013-02-14;2.59
2013-02-15;2.60
2013-02-16;2.60
2013-02-17;2.58
2013-02-18;2.58
2013-02-19;2.56
2013-02-20;2.54
2013-02-21;2.55
2013-02-22;2.56
2013-02-23;2.56
2013-02-24;2.55
2013-02-25;2.57
2013-02-26;2.56
2013-02-27;2.57
2013-02-28;2.58
2013-03-01;2.59
2013-03-02;2.59
2013-03-03;2.57
2013-03-04;2.56
2013-03-05;2.56
2013-03-06;2.55
2013-03-07;2.54
2013-03-08;2.53
2013-03-09;2.53
2013-03-10;2.54
2013-03-11;2.55
2013-03-12;2.54
2013-03-13;2.55
2013-03-14;2.55
2013-03-15;2.54
2013-03-16;2.53
2013-03-17;2.52
2013-03-18;2.53
2013-03-19;2.53
2013-03-20;2.53
2013-03-21;2.51
2013-03-22;2.50
2013-03-23;2.51
2013-03-24;2.52
2013-03-25;2.52
2013-03-26;2.52
2013-03-27;2.52
2013-03-28;2.53
2013-03-29;2.53
2013-03-30;2.53
2013-03-31;2.53
2013-04-01;2.52
2013-04-02;2.52
2013-04-03;2.52
2013-04-04;2.53
2013-04-05;2.53
2013-04-06;2.53
2013-04-07;2.52
2013-04-08;2.50
2013-04-09;2.51
2013-04-10;2.53
2013-04-11;2.53
2013-04-12;2.53
2013-04-13;2.53
2013-04-14;2.53
2013-04-15;2.53
2013-04-16;2.53
2013-04-17;2.54
2013-04-18;2.56
2013-04-19;2.56
2013-04-20;2.56
2013-04-21;2.56
2013-04-22;2.56
2013-04-23;2.55
2013-04-24;2.56
2013-04-25;2.56
2013-04-26;2.57
2013-04-27;2.57
2013-04-28;2.56
2013-04-29;2.56
2013-04-30;2.56
2013-05-01;2.57
2013-05-02;2.58
2013-05-03;2.58
2013-05-04;2.56
2013-05-05;2.57
2013-05-06;2.57
2013-05-07;2.57
2013-05-08;2.57
2013-05-09;2.57
2013-05-10;2.58
2013-05-11;2.59
2013-05-12;2.59
2013-05-13;2.59
2013-05-14;2.59
2013-05-15;2.59
2013-05-16;2.59
2013-05-17;2.59
2013-05-18;2.60
2013-05-19;2.60
2013-05-20;2.61
2013-05-21;2.62
2013-05-22;2.62
2013-05-23;2.63
2013-05-24;2.65
2013-05-25;2.66
2013-05-26;2.67
2013-05-27;2.67
2013-05-28;2.67
2013-05-29;2.68
2013-05-30;2.69
2013-05-31;2.70
2013-06-01;2.71
2013-06-02;2.72
2013-06-03;2.74
2013-06-04;2.75
2013-06-05;2.77
2013-06-06;2.78
2013-06-07;2.79
2013-06-08;2.80
2013-06-09;2.82
2013-06-10;2.83
2013-06-11;2.85
2013-06-12;2.86
2013-06-13;2.88
2013-06-14;2.89
2013-06-15;2.90
2013-06-16;2.91
2013-06-17;2.93
2013-06-18;2.93
2013-06-19;2.94
2013-06-20;2.95
2013-06-21;2.97
2013-06-22;2.98
2013-06-23;3.00
2013-06-24;3.01
2013-06-25;3.03
2013-06-26;3.05
2013-06-27;3.06
2013-06-28;3.07
2013-06-29;3.08
2013-06-30;3.08
2013-07-01;3.08
2013-07-02;3.11
2013-07-03;3.12
2013-07-04;3.12
2013-07-05;3.13
2013-07-06;3.12
2013-07-07;3.12
2013-07-08;3.13
2013-07-09;3.12
2013-07-10;2.80
2013-07-11;2.68
2013-07-12;2.63
2013-07-13;2.62
2013-07-14;2.60
2013-07-15;2.59
2013-07-16;2.54
2013-07-17;2.40
2013-07-18;2.41
2013-07-19;2.42
2013-07-20;2.42
2013-07-21;2.44
2013-07-22;2.46
2013-07-23;2.47
2013-07-24;2.46
2013-07-25;2.48
2013-07-26;2.49
2013-07-27;2.49
2013-07-28;2.49
2013-07-29;2.51
2013-07-30;2.53
2013-07-31;2.55
2013-08-01;2.52
2013-08-02;2.50
2013-08-03;2.50
2013-08-04;2.52
2013-08-05;2.47
2013-08-06;2.41
2013-08-07;2.42
2013-08-08;2.42
2013-08-09;2.43
2013-08-10;2.44
2013-08-11;2.46
2013-08-12;2.47
2013-08-13;2.48
2013-08-14;2.49
2013-08-15;2.50
2013-08-16;2.51
2013-08-17;2.52
2013-08-18;2.53
2013-08-19;2.54
2013-08-20;2.55
2013-08-21;2.54
2013-08-22;2.55
2013-08-23;2.56
2013-08-24;2.50
2013-08-25;2.50
2013-08-26;2.52
2013-08-27;2.53
2013-08-28;2.55
2013-08-29;2.56
2013-08-30;2.56
2013-08-31;2.57
2013-09-01;2.57
2013-09-02;2.57
2013-09-03;2.58
2013-09-04;2.59
2013-09-05;2.60
2013-09-06;2.61
2013-09-07;2.61
2013-09-08;2.60
2013-09-09;2.53
2013-09-10;2.49
2013-09-11;2.50
2013-09-12;2.48
2013-09-13;2.39
2013-09-14;2.39
2013-09-15;2.42
2013-09-16;2.44
2013-09-17;2.46
2013-09-18;2.47
2013-09-19;2.48
2013-09-20;2.49
2013-09-21;2.48
2013-09-22;2.48
2013-09-23;2.50
2013-09-24;2.51
2013-09-25;2.51
2013-09-26;2.51
2013-09-27;2.53
2013-09-28;2.55
2013-09-29;2.55
2013-09-30;2.55
2013-10-01;2.56
2013-10-02;2.56
2013-10-03;2.56
2013-10-04;2.56
2013-10-05;2.58
2013-10-06;2.59
2013-10-07;2.58
2013-10-08;2.58
2013-10-09;2.57
2013-10-10;2.58
2013-10-11;2.58
2013-10-12;2.59
2013-10-13;2.59
2013-10-14;2.60
2013-10-15;2.60
2013-10-16;2.60
2013-10-17;2.60
2013-10-18;2.60
2013-10-19;2.61
2013-10-20;2.60
2013-10-21;2.61
2013-10-22;2.61
2013-10-23;2.61
2013-10-24;2.61
2013-10-25;2.61
2013-10-26;2.62
2013-10-27;2.61
2013-10-28;2.60
2013-10-29;2.60
2013-10-30;2.60
2013-10-31;2.60
2013-11-01;2.61
2013-11-02;2.60
2013-11-03;2.58
2013-11-04;2.57
2013-11-05;2.58
2013-11-06;2.59
2013-11-07;2.59
2013-11-08;2.58
2013-11-09;2.58
2013-11-10;2.58
2013-11-11;2.57
2013-11-12;2.58
2013-11-13;2.57
2013-11-14;2.55
2013-11-15;2.53
2013-11-16;2.52
2013-11-17;2.54
2013-11-18;2.54
2013-11-19;2.53
2013-11-20;2.52
2013-11-21;2.52
2013-11-22;2.50
2013-11-23;2.50
2013-11-24;2.50
2013-11-25;2.51
2013-11-26;2.52
2013-11-27;2.51
2013-11-28;2.51
2013-11-29;2.51
2013-11-30;2.51
2013-12-01;2.51
2013-12-02;2.50
2013-12-03;2.48
2013-12-04;2.47
2013-12-05;2.47
2013-12-06;2.48
2013-12-07;2.48
2013-12-08;2.48
2013-12-09;2.49
2013-12-10;2.49
2013-12-11;2.49
2013-12-12;2.49
2013-12-13;2.48
2013-12-14;2.49
2013-12-15;2.49
2013-12-16;2.49
2013-12-17;2.49
2013-12-18;2.47
2013-12-19;2.45
2013-12-20;2.43
2013-12-21;2.44
2013-12-22;2.46
2013-12-23;2.48
2013-12-24;2.48
2013-12-25;2.48
2013-12-26;2.47
2013-12-27;2.47
2013-12-28;2.46
2013-12-29;2.45
2013-12-30;2.46
2013-12-31;2.46
2014-01-01;2.46
2014-01-02;2.46
2014-01-03;2.45
2014-01-04;2.44
2014-01-05;2.44
2014-01-06;2.45
2014-01-07;2.45
2014-01-08;2.44
2014-01-09;2.44
2014-01-10;2.44
2014-01-11;2.44
2014-01-12;2.43
2014-01-13;2.45
2014-01-14;2.45
2014-01-15;2.45
2014-01-16;2.44
2014-01-17;2.44
2014-01-18;2.43
2014-01-19;2.43
2014-01-20;2.43
2014-01-21;2.43
2014-01-22;2.42
2014-01-23;2.41
2014-01-24;2.43
2014-01-25;2.43
2014-01-26;2.41
2014-01-27;2.41
2014-01-28;2.41
2014-01-29;2.41
2014-01-30;2.40
2014-01-31;2.39
2014-02-01;2.38
2014-02-02;2.39
2014-02-03;2.38
2014-02-04;2.39
2014-02-05;2.39
2014-02-06;2.39
2014-02-07;2.40
2014-02-08;2.41
2014-02-09;2.40
2014-02-10;2.39
2014-02-11;2.39
2014-02-12;2.40
2014-02-13;2.40
2014-02-14;2.40
2014-02-15;2.40
2014-02-16;2.39
2014-02-17;2.39
2014-02-18;2.38
2014-02-19;2.37
2014-02-20;2.38
2014-02-21;2.38
2014-02-22;2.37
2014-02-23;2.38
2014-02-24;2.38
2014-02-25;2.38
2014-02-26;2.37
2014-02-27;2.37
2014-02-28;2.36
2014-03-01;2.36
2014-03-02;2.33
2014-03-03;2.34
2014-03-04;2.34
2014-03-05;2.35
2014-03-06;2.35
2014-03-07;2.35
2014-03-08;2.36
2014-03-09;2.37
2014-03-10;2.36
2014-03-11;2.36
2014-03-12;2.36
2014-03-13;2.36
2014-03-14;2.36
2014-03-15;2.37
2014-03-16;2.38
2014-03-17;2.36
2014-03-18;2.36
2014-03-19;2.37
2014-03-20;2.37
2014-03-21;2.37
2014-03-22;2.37
2014-03-23;2.38
2014-03-24;2.38
2014-03-25;2.38
2014-03-26;2.37
2014-03-27;2.37
2014-03-28;2.39
2014-03-29;2.39
2014-03-30;2.38
2014-03-31;2.38
2014-04-01;2.38
2014-04-02;2.38
2014-04-03;2.39
2014-04-04;2.39
2014-04-05;2.38
2014-04-06;2.39
2014-04-07;2.40
2014-04-08;2.41
2014-04-09;2.41
2014-04-10;2.41
2014-04-11;2.40
2014-04-12;2.39
2014-04-13;2.39
2014-04-14;2.40
2014-04-15;2.39
2014-04-16;2.39
2014-04-17;2.40
2014-04-18;2.40
2014-04-19;2.40
2014-04-20;2.41
2014-04-21;2.41
2014-04-22;2.40
2014-04-23;2.39
2014-04-24;2.40
2014-04-25;2.40
2014-04-26;2.39
2014-04-27;2.40
2014-04-28;2.40
2014-04-29;2.41
2014-04-30;2.41
2014-05-01;2.42
2014-05-02;2.43
2014-05-03;2.43
2014-05-04;2.44
2014-05-05;2.44
2014-05-06;2.42
2014-05-07;2.43
2014-05-08;2.44
2014-05-09;2.45
2014-05-10;2.45
2014-05-11;2.44
2014-05-12;2.46
2014-05-13;2.48
2014-05-14;2.50
2014-05-15;2.50
2014-05-16;2.50
2014-05-17;2.50
2014-05-18;2.50
2014-05-19;2.51
2014-05-20;2.52
2014-05-21;2.53
2014-05-22;2.54
2014-05-23;2.55
2014-05-24;2.56
2014-05-25;2.56
2014-05-26;2.58
2014-05-27;2.59
2014-05-28;2.59
2014-05-29;2.60
2014-05-30;2.61
2014-05-31;2.62
2014-06-01;2.63
2014-06-02;2.64
2014-06-03;2.64
2014-06-04;2.65
2014-06-05;2.66
2014-06-06;2.67
2014-06-07;2.68
2014-06-08;2.70
2014-06-09;2.71
2014-06-10;2.72
2014-06-11;2.74
2014-06-12;2.75
2014-06-13;2.76
2014-06-14;2.77
2014-06-15;2.78
2014-06-16;2.80
2014-06-17;2.81
2014-06-18;2.82
2014-06-19;2.84
2014-06-20;2.85
2014-06-21;2.86
2014-06-22;2.87
2014-06-23;2.88
2014-06-24;2.90
2014-06-25;2.90
2014-06-26;2.90
2014-06-27;2.91
2014-06-28;2.93
2014-06-29;2.95
2014-06-30;2.96
2014-07-01;2.97
2014-07-02;2.98
2014-07-03;3.00
2014-07-04;3.00
2014-07-05;3.00
2014-07-06;2.98
2014-07-07;2.97
2014-07-08;2.95
2014-07-09;2.92
2014-07-10;2.90
2014-07-11;2.89
2014-07-12;2.85
2014-07-13;2.84
2014-07-14;2.84
2014-07-15;2.83
2014-07-16;2.83
2014-07-17;2.84
2014-07-18;2.85
2014-07-19;2.87
2014-07-20;2.88
2014-07-21;2.90
2014-07-22;2.91
2014-07-23;2.92
2014-07-24;2.93
2014-07-25;2.94
2014-07-26;2.95
2014-07-27;2.95
2014-07-28;2.83
2014-07-29;2.77
2014-07-30;2.76
2014-07-31;2.76
2014-08-01;2.77
2014-08-02;2.74
2014-08-03;2.71
2014-08-04;2.70
2014-08-05;2.71
2014-08-06;2.72
2014-08-07;2.73
2014-08-08;2.74
2014-08-09;2.75
2014-08-10;2.73
2014-08-11;2.67
2014-08-12;2.69
2014-08-13;2.66
2014-08-14;2.67
2014-08-15;2.68
2014-08-16;2.68
2014-08-17;2.67
2014-08-18;2.64
2014-08-19;2.57
2014-08-20;2.56
2014-08-21;2.56
2014-08-22;2.57
2014-08-23;2.57
2014-08-24;2.58
2014-08-25;2.57
2014-08-26;2.60
2014-08-27;2.61
2014-08-28;2.62
2014-08-29;2.63
2014-08-30;2.64
2014-08-31;2.66
2014-09-01;2.67
2014-09-02;2.69
2014-09-03;2.70
2014-09-04;2.71
2014-09-05;2.72
2014-09-06;2.73
2014-09-07;2.71
2014-09-08;2.67
2014-09-09;2.65
2014-09-10;2.66
2014-09-11;2.67
2014-09-12;2.68
2014-09-13;2.69
2014-09-14;2.70
2014-09-15;2.72
2014-09-16;2.71
2014-09-17;2.60
2014-09-18;2.27
2014-09-19;1.78
2014-09-20;1.87
2014-09-21;1.89
2014-09-22;1.84
2014-09-23;1.81
2014-09-24;1.82
2014-09-25;1.85
2014-09-26;1.87
2014-09-27;1.89
2014-09-28;1.92
2014-09-29;1.94
2014-09-30;1.97
2014-10-01;1.99
2014-10-02;2.04
2014-10-03;2.07
2014-10-04;2.10
2014-10-05;2.12
2014-10-06;2.14
2014-10-07;2.16
2014-10-08;2.12
2014-10-09;2.08
2014-10-10;2.06
2014-10-11;2.06
2014-10-12;2.06
2014-10-13;2.08
2014-10-14;2.09
2014-10-15;2.10
2014-10-16;2.12
2014-10-17;2.13
2014-10-18;2.14
2014-10-19;2.15
2014-10-20;2.16
2014-10-21;2.17
2014-10-22;2.19
2014-10-23;2.20
2014-10-24;2.22
2014-10-25;2.23
2014-10-26;2.22
2014-10-27;2.22
2014-10-28;2.24
2014-10-29;2.24
2014-10-30;2.25
2014-10-31;2.25
2014-11-01;2.25
2014-11-02;2.25
2014-11-03;2.25
2014-11-04;2.25
2014-11-05;2.26
2014-11-06;2.28
2014-11-07;2.27
2014-11-08;2.27
2014-11-09;2.27
2014-11-10;2.25
2014-11-11;2.26
2014-11-12;2.26
2014-11-13;2.27
2014-11-14;2.27
2014-11-15;2.27
2014-11-16;2.27
2014-11-17;2.28
2014-11-18;2.29
2014-11-19;2.28
2014-11-20;2.28
2014-11-21;2.27
2014-11-22;2.27
2014-11-23;2.27
2014-11-24;2.28
2014-11-25;2.30
2014-11-26;2.30
2014-11-27;2.30
2014-11-28;2.29
2014-11-29;2.28
2014-11-30;2.28
2014-12-01;2.28
2014-12-02;2.28
2014-12-03;2.28
2014-12-04;2.27
2014-12-05;2.27
2014-12-06;2.28
2014-12-07;2.28
2014-12-08;2.28
2014-12-09;2.28
2014-12-10;2.27
2014-12-11;2.28
2014-12-12;2.28
2014-12-13;2.27
2014-12-14;2.27
2014-12-15;2.28
2014-12-16;2.27
2014-12-17;2.27
2014-12-18;2.28
2014-12-19;2.28
2014-12-20;2.28
2014-12-21;2.28
2014-12-22;2.27
2014-12-23;2.27
2014-12-24;2.28
2014-12-25;2.25
2014-12-26;2.26
2014-12-27;2.28
2014-12-28;2.29
2014-12-29;2.29
2014-12-30;2.28
2014-12-31;2.27
2015-01-01;2.27
2015-01-02;2.27
2015-01-03;2.29
2015-01-04;2.30
2015-01-05;2.31
2015-01-06;2.31
2015-01-07;2.31
2015-01-08;2.29
2015-01-09;2.27
2015-01-10;2.27
2015-01-11;2.27
2015-01-12;2.28
2015-01-13;2.27
2015-01-14;2.28
2015-01-15;2.29
2015-01-16;2.29
2015-01-17;2.29
2015-01-18;2.29
2015-01-19;2.29
2015-01-20;2.27
2015-01-21;2.26
2015-01-22;2.28
2015-01-23;2.29
2015-01-24;2.28
2015-01-25;2.28
2015-01-26;2.29
2015-01-27;2.29
2015-01-28;2.28
2015-01-29;2.28
2015-01-30;2.21
2015-01-31;2.15
2015-02-01;2.15
2015-02-02;2.15
2015-02-03;2.15
2015-02-04;2.16
2015-02-05;2.17
2015-02-06;2.18
2015-02-07;2.18
2015-02-08;2.19
2015-02-09;2.19
2015-02-10;2.18
2015-02-11;2.19
2015-02-12;2.21
2015-02-13;2.21
2015-02-14;2.21
2015-02-15;2.20
2015-02-16;2.18
2015-02-17;2.19
2015-02-18;2.20
2015-02-19;2.21
2015-02-20;2.20
2015-02-21;2.20
2015-02-22;2.20
2015-02-23;2.21
2015-02-24;2.22
2015-02-25;2.22
2015-02-26;2.21
2015-02-27;2.21
2015-02-28;2.21
2015-03-01;2.22
2015-03-02;2.22
2015-03-03;2.20
2015-03-04;2.21
2015-03-05;2.23
2015-03-06;2.24
2015-03-07;2.23
2015-03-08;2.23
2015-03-09;2.23
2015-03-10;2.23
2015-03-11;2.24
2015-03-12;2.24
2015-03-13;2.24
2015-03-14;2.25
2015-03-15;2.25
2015-03-16;2.25
2015-03-17;2.24
2015-03-18;2.24
2015-03-19;2.20
2015-03-20;2.21
2015-03-21;2.22
2015-03-22;2.23
2015-03-23;2.23
2015-03-24;2.23
2015-03-25;2.23
2015-03-26;2.25
2015-03-27;2.25
2015-03-28;2.26
2015-03-29;2.26
2015-03-30;2.26
2015-03-31;2.25
2015-04-01;2.25
2015-04-02;2.25
2015-04-03;2.26
2015-04-04;2.26
2015-04-05;2.25
2015-04-06;2.26
2015-04-07;2.27
2015-04-08;2.26
2015-04-09;2.27
2015-04-10;2.27
2015-04-11;2.28
2015-04-12;2.26
2015-04-13;2.26
2015-04-14;2.27
2015-04-15;2.26
2015-04-16;2.26
2015-04-17;2.27
2015-04-18;2.27
2015-04-19;2.27
2015-04-20;2.27
2015-04-21;2.27
2015-04-22;2.28
2015-04-23;2.28
2015-04-24;2.28
2015-04-25;2.28
2015-04-26;2.28
2015-04-27;2.29
2015-04-28;2.31
2015-04-29;2.31
2015-04-30;2.31
2015-05-01;2.31
2015-05-02;2.31
2015-05-03;2.31
2015-05-04;2.31
2015-05-05;2.32
2015-05-06;2.31
2015-05-07;2.32
2015-05-08;2.32
2015-05-09;2.33
2015-05-10;2.33
2015-05-11;2.34
2015-05-12;2.34
2015-05-13;2.35
2015-05-14;2.34
2015-05-15;2.34
2015-05-16;2.35
2015-05-17;2.36
2015-05-18;2.36
2015-05-19;2.36
2015-05-20;2.37
2015-05-21;2.37
2015-05-22;2.37
2015-05-23;2.38
2015-05-24;2.38
2015-05-25;2.39
2015-05-26;2.39
2015-05-27;2.40
2015-05-28;2.40
2015-05-29;2.41
2015-05-30;2.41
2015-05-31;2.42
2015-06-01;2.42
2015-06-02;2.43
2015-06-03;2.43
2015-06-04;2.43
2015-06-05;2.44
2015-06-06;2.44
2015-06-07;2.45
2015-06-08;2.45
2015-06-09;2.45
2015-06-10;2.45
2015-06-11;2.46
2015-06-12;2.46
2015-06-13;2.47
2015-06-14;2.48
2015-06-15;2.49
2015-06-16;2.50
2015-06-17;2.50
2015-06-18;2.52
2015-06-19;2.52
2015-06-20;2.53
2015-06-21;2.55
2015-06-22;2.56
2015-06-23;2.57
2015-06-24;2.57
2015-06-25;2.58
2015-06-26;2.59
2015-06-27;2.57
2015-06-28;2.58
2015-06-29;2.59
2015-06-30;2.58
2015-07-01;2.53
2015-07-02;2.55
2015-07-03;2.57
2015-07-04;2.56
2015-07-05;2.55
2015-07-06;2.56
2015-07-07;2.57
2015-07-08;2.57
2015-07-09;2.59
2015-07-10;2.60
2015-07-11;2.62
2015-07-12;2.64
2015-07-13;2.65
2015-07-14;2.65
2015-07-15;2.66
2015-07-16;2.67
2015-07-17;2.66
2015-07-18;2.63
2015-07-19;2.59
2015-07-20;2.60
2015-07-21;2.59
2015-07-22;2.57
2015-07-23;2.58
2015-07-24;2.59
2015-07-25;2.60
2015-07-26;2.60
2015-07-27;2.61
2015-07-28;2.62
2015-07-29;2.64
2015-07-30;2.62
2015-07-31;2.55
2015-08-01;2.54
2015-08-02;2.55
2015-08-03;2.57
2015-08-04;2.59
2015-08-05;2.61
2015-08-06;2.63
2015-08-07;2.64
2015-08-08;2.65
2015-08-09;2.65
2015-08-10;2.59
2015-08-11;2.53
2015-08-12;2.50
2015-08-13;2.49
2015-08-14;2.49
2015-08-15;2.49
2015-08-16;2.49
2015-08-17;2.50
2015-08-18;2.51
2015-08-19;2.52
2015-08-20;2.50
2015-08-21;2.49
2015-08-22;2.51
2015-08-23;2.52
2015-08-24;2.54
2015-08-25;2.54
2015-08-26;2.54
2015-08-27;2.54
2015-08-28;2.54
2015-08-29;2.54
2015-08-30;2.54
2015-08-31;2.55
2015-09-01;2.56
2015-09-02;2.57
2015-09-03;2.57
2015-09-04;2.57
2015-09-05;2.57
2015-09-06;2.58
2015-09-07;2.59
2015-09-08;2.59
2015-09-09;2.59
2015-09-10;2.59
2015-09-11;2.59
2015-09-12;2.59
2015-09-13;2.59
2015-09-14;2.59
2015-09-15;2.60
2015-09-16;2.61
2015-09-17;2.62
2015-09-18;2.62
2015-09-19;2.58
2015-09-20;2.51
2015-09-21;2.45
2015-09-22;2.42
2015-09-23;2.43
2015-09-24;2.44
2015-09-25;2.46
2015-09-26;2.47
2015-09-27;2.48
2015-09-28;2.49
2015-09-29;2.50
2015-09-30;2.51
2015-10-01;2.52
2015-10-02;2.52
2015-10-03;2.51
2015-10-04;2.51
2015-10-05;2.53
2015-10-06;2.54
2015-10-07;2.54
2015-10-08;2.53
2015-10-09;2.54
2015-10-10;2.55
2015-10-11;2.54
2015-10-12;2.54
2015-10-13;2.55
2015-10-14;2.55
2015-10-15;2.54
2015-10-16;2.53
2015-10-17;2.45
2015-10-18;2.41
2015-10-19;2.41
2015-10-20;2.41
2015-10-21;2.41
2015-10-22;2.42
2015-10-23;2.43
2015-10-24;2.44
2015-10-25;2.45
2015-10-26;2.45
2015-10-27;2.45
2015-10-28;2.45
2015-10-29;2.43
2015-10-30;2.42
2015-10-31;2.43
2015-11-01;2.44
2015-11-02;2.43
2015-11-03;2.42
2015-11-04;2.43
2015-11-05;2.44
2015-11-06;2.44
2015-11-07;2.44
2015-11-08;2.44
2015-11-09;2.43
2015-11-10;2.43
2015-11-11;2.44
2015-11-12;2.43
2015-11-13;2.43
2015-11-14;2.42
2015-11-15;2.41
2015-11-16;2.39
2015-11-17;2.40
2015-11-18;2.40
2015-11-19;2.40
2015-11-20;2.40
2015-11-21;2.41
2015-11-22;2.40
2015-11-23;2.40
2015-11-24;2.39
2015-11-25;2.38
2015-11-26;2.37
2015-11-27;2.37
2015-11-28;2.37
2015-11-29;2.38
2015-11-30;2.38
2015-12-01;2.38
2015-12-02;2.39
2015-12-03;2.39
2015-12-04;2.39
2015-12-05;2.40
2015-12-06;2.40
2015-12-07;2.39
2015-12-08;2.38
2015-12-09;2.37
2015-12-10;2.36
2015-12-11;2.34
2015-12-12;2.33
2015-12-13;2.34
2015-12-14;2.33
2015-12-15;2.34
2015-12-16;2.35
2015-12-17;2.36
2015-12-18;2.37
2015-12-19;2.36
2015-12-20;2.36
2015-12-21;2.36
2015-12-22;2.34
2015-12-23;2.33
2015-12-24;2.33
2015-12-25;2.33
2015-12-26;2.33
2015-12-27;2.34
2015-12-28;2.33
2015-12-29;2.33
2015-12-30;2.35
2015-12-31;2.35
2016-01-01;2.35
2016-01-02;2.36
2016-01-03;2.35
2016-01-04;2.33
2016-01-05;2.30
2016-01-06;2.30
2016-01-07;2.29
2016-01-08;2.26
2016-01-09;2.28
2016-01-10;2.29
2016-01-11;2.30
2016-01-12;2.31
2016-01-13;2.31
2016-01-14;2.31
2016-01-15;2.30
2016-01-16;2.32
2016-01-17;2.32
2016-01-18;2.33
2016-01-19;2.33
2016-01-20;2.33
2016-01-21;2.33
2016-01-22;2.33
2016-01-23;2.32
2016-01-24;2.31
2016-01-25;2.31
2016-01-26;2.32
2016-01-27;2.33
2016-01-28;2.33
2016-01-29;2.32
2016-01-30;2.31
2016-01-31;2.30
2016-02-01;2.28
2016-02-02;2.30
2016-02-03;2.32
2016-02-04;2.33
2016-02-05;2.33
2016-02-06;2.34
2016-02-07;2.33
2016-02-08;2.33
2016-02-09;2.33
2016-02-10;2.33
2016-02-11;2.33
2016-02-12;2.32
2016-02-13;2.32
2016-02-14;2.31
2016-02-15;2.30
2016-02-16;2.30
2016-02-17;2.30
2016-02-18;2.30
2016-02-19;2.31
2016-02-20;2.31
2016-02-21;2.30
2016-02-22;2.29
2016-02-23;2.30
2016-02-24;2.31
2016-02-25;2.31
2016-02-26;2.32
2016-02-27;2.31
2016-02-28;2.31
2016-02-29;2.31
2016-03-01;2.31
2016-03-02;2.31
2016-03-03;2.31
2016-03-04;2.31
2016-03-05;2.30
2016-03-06;2.30
2016-03-07;2.28
2016-03-08;2.26
2016-03-09;2.27
2016-03-10;2.29
2016-03-11;2.30
2016-03-12;2.30
2016-03-13;2.30
2016-03-14;2.30
2016-03-15;2.31
2016-03-16;2.30
2016-03-17;2.30
2016-03-18;2.30
2016-03-19;2.31
2016-03-20;2.32
2016-03-21;2.32
2016-03-22;2.31
2016-03-23;2.32
2016-03-24;2.32
2016-03-25;2.31
2016-03-26;2.31
2016-03-27;2.32
2016-03-28;2.31
2016-03-29;2.31
2016-03-30;2.31
2016-03-31;2.31
2016-04-01;2.33
2016-04-02;2.34
2016-04-03;2.34
2016-04-04;2.34
2016-04-05;2.34
2016-04-06;2.34
2016-04-07;2.33
2016-04-08;2.33
2016-04-09;2.33
2016-04-10;2.33
2016-04-11;2.34
2016-04-12;2.34
2016-04-13;2.34
2016-04-14;2.33
2016-04-15;2.32
2016-04-16;2.33
2016-04-17;2.34
2016-04-18;2.35
2016-04-19;2.36
2016-04-20;2.37
2016-04-21;2.37
2016-04-22;2.37
2016-04-23;2.37
2016-04-24;2.37
2016-04-25;2.37
2016-04-26;2.37
2016-04-27;2.37
2016-04-28;2.37
2016-04-29;2.38
2016-04-30;2.38
2016-05-01;2.39
2016-05-02;2.40
2016-05-03;2.41
2016-05-04;2.42
2016-05-05;2.41
2016-05-06;2.41
2016-05-07;2.42
2016-05-08;2.42
2016-05-09;2.43
2016-05-10;2.44
2016-05-11;2.45
2016-05-12;2.46
2016-05-13;2.46
2016-05-14;2.46
2016-05-15;2.46
2016-05-16;2.46
2016-05-17;2.47
2016-05-18;2.48
2016-05-19;2.48
2016-05-20;2.49
2016-05-21;2.50
2016-05-22;2.51
2016-05-23;2.51
2016-05-24;2.52
2016-05-25;2.54
2016-05-26;2.54
2016-05-27;2.55
2016-05-28;2.56
2016-05-29;2.57
2016-05-30;2.58
2016-05-31;2.58
2016-06-01;2.59
2016-06-02;2.61
2016-06-03;2.62
2016-06-04;2.63
2016-06-05;2.63
2016-06-06;2.63
2016-06-07;2.65
2016-06-08;2.66
2016-06-09;2.67
2016-06-10;2.68
2016-06-11;2.69
2016-06-12;2.71
2016-06-13;2.72
2016-06-14;2.72
2016-06-15;2.73
2016-06-16;2.75
2016-06-17;2.76
2016-06-18;2.77
2016-06-19;2.78
2016-06-20;2.79
2016-06-21;2.80
2016-06-22;2.81
2016-06-23;2.83
2016-06-24;2.83
2016-06-25;2.83
2016-06-26;2.83
2016-06-27;2.79
2016-06-28;2.80
2016-06-29;2.82
2016-06-30;2.81
2016-07-01;2.76
2016-07-02;2.74
2016-07-03;2.76
2016-07-04;2.79
2016-07-05;2.80
2016-07-06;2.82
2016-07-07;2.84
2016-07-08;2.85
2016-07-09;2.87
2016-07-10;2.88
2016-07-11;2.89
2016-07-12;2.91
2016-07-13;2.93
2016-07-14;2.94
2016-07-15;2.95
2016-07-16;2.95
2016-07-17;2.93
2016-07-18;2.93
2016-07-19;2.93
2016-07-20;2.92
2016-07-21;2.93
2016-07-22;2.92
2016-07-23;2.93
2016-07-24;2.94
2016-07-25;2.91
2016-07-26;2.93
2016-07-27;2.95
2016-07-28;2.96
2016-07-29;2.97
2016-07-30;2.99
2016-07-31;2.98
2016-08-01;2.87
2016-08-02;2.80
2016-08-03;2.71
2016-08-04;2.69
2016-08-05;2.68
2016-08-06;2.68
2016-08-07;2.69
2016-08-08;2.69
2016-08-09;2.68
2016-08-10;2.63
2016-08-11;2.62
2016-08-12;2.60
2016-08-13;2.58
2016-08-14;2.58
2016-08-15;2.60
2016-08-16;2.62
2016-08-17;2.64
2016-08-18;2.65
2016-08-19;2.66
2016-08-20;2.66
2016-08-21;2.64
2016-08-22;2.65
2016-08-23;2.67
2016-08-24;2.68
2016-08-25;2.69
2016-08-26;2.70
2016-08-27;2.71
2016-08-28;2.72
2016-08-29;2.72
2016-08-30;2.73
2016-08-31;2.74
2016-09-01;2.73
2016-09-02;2.72
2016-09-03;2.72
2016-09-04;2.73
2016-09-05;2.74
2016-09-06;2.75
2016-09-07;2.70
2016-09-08;2.66
2016-09-09;2.67
2016-09-10;2.68
2016-09-11;2.70
2016-09-12;2.70
2016-09-13;2.71
2016-09-14;2.72
2016-09-15;2.73
2016-09-16;2.74
2016-09-17;2.75
2016-09-18;2.76
2016-09-19;2.77
2016-09-20;2.78
2016-09-21;2.78
2016-09-22;2.77
2016-09-23;2.78
2016-09-24;2.79
2016-09-25;2.80
2016-09-26;2.80
2016-09-27;2.77
2016-09-28;2.75
2016-09-29;2.76
2016-09-30;2.76
2016-10-01;2.76
2016-10-02;2.75
2016-10-03;2.73
2016-10-04;2.73
2016-10-05;
2016-10-06;
2016-10-07;
2016-10-08;
2016-10-09;
2016-10-10;
2016-10-11;
2016-10-12;
2016-10-13;
2016-10-14;
2016-10-15;
2016-10-16;
2016-10-17;
2016-10-18;
2016-10-19;
2016-10-20;
2016-10-21;2.82
2016-10-22;2.81
2016-10-23;2.82
2016-10-24;2.83
2016-10-25;2.82
2016-10-26;2.82
2016-10-27;2.82
2016-10-28;2.82
2016-10-29;2.82
2016-10-30;2.82
2016-10-31;2.82
2016-11-01;2.81
2016-11-02;2.81
2016-11-03;2.82
2016-11-04;2.82
2016-11-05;2.82
2016-11-06;2.82
2016-11-07;2.83
2016-11-08;2.83
2016-11-09;2.83
2016-11-10;2.83
2016-11-11;2.83
2016-11-12;2.83
2016-11-13;2.82
2016-11-14;2.82
2016-11-15;2.81
2016-11-16;2.79
2016-11-17;2.78
2016-11-18;2.79
2016-11-19;2.80
2016-11-20;2.78
2016-11-21;2.77
2016-11-22;2.77
2016-11-23;2.77
2016-11-24;2.76
2016-11-25;2.77
2016-11-26;2.75
2016-11-27;2.73
2016-11-28;2.72
2016-11-29;2.71
2016-11-30;2.72
2016-12-01;2.71
2016-12-02;2.70
2016-12-03;2.69
2016-12-04;2.70
2016-12-05;2.69
2016-12-06;2.69
2016-12-07;2.69
2016-12-08;2.71
2016-12-09;2.71
2016-12-10;2.70
2016-12-11;2.69
2016-12-12;2.69
2016-12-13;2.69
2016-12-14;2.69
2016-12-15;2.68
2016-12-16;2.67
2016-12-17;2.66
2016-12-18;2.67
2016-12-19;2.69
2016-12-20;2.69
2016-12-21;2.68
2016-12-22;2.64
2016-12-23;2.62
2016-12-24;2.61
2016-12-25;2.62
2016-12-26;2.63
2016-12-27;2.64
2016-12-28;2.64
2016-12-29;2.65
2016-12-30;2.63
2016-12-31;2.61
2017-01-01;2.59
2017-01-02;2.60
2017-01-03;2.61
2017-01-04;2.61
2017-01-05;2.60
2017-01-06;2.60
2017-01-07;2.62
2017-01-08;2.63
2017-01-09;2.62
2017-01-10;2.61
2017-01-11;2.60
2017-01-12;2.60
2017-01-13;2.60
2017-01-14;2.59
2017-01-15;2.57
2017-01-16;2.57
2017-01-17;2.58
2017-01-18;2.59
2017-01-19;2.58
2017-01-20;2.56
2017-01-21;2.54
2017-01-22;2.56
2017-01-23;2.54
2017-01-24;2.53
2017-01-25;2.55
2017-01-26;2.56
2017-01-27;2.57
2017-01-28;2.59
2017-01-29;2.59
2017-01-30;2.58
2017-01-31;2.58
2017-02-01;2.58
2017-02-02;2.58
2017-02-03;2.57
2017-02-04;2.57
2017-02-05;2.57
2017-02-06;2.57
2017-02-07;2.57
2017-02-08;2.58
2017-02-09;2.57
2017-02-10;2.57
2017-02-11;2.57
2017-02-12;2.56
2017-02-13;2.55
2017-02-14;2.55
2017-02-15;2.56
2017-02-16;2.55
2017-02-17;2.55
2017-02-18;2.53
2017-02-19;2.54
2017-02-20;2.57
2017-02-21;2.58
2017-02-22;2.56
2017-02-23;2.55
2017-02-24;2.56
2017-02-25;2.56
2017-02-26;2.55
2017-02-27;2.55
2017-02-28;2.55
2017-03-01;2.57
2017-03-02;2.57
2017-03-03;2.57
2017-03-04;2.57
2017-03-05;2.56
2017-03-06;2.56
2017-03-07;2.57
2017-03-08;2.57
2017-03-09;2.57
2017-03-10;2.57
2017-03-11;2.56
2017-03-12;2.56
2017-03-13;2.56
2017-03-14;2.57
2017-03-15;2.57
2017-03-16;2.57
2017-03-17;2.57
2017-03-18;2.58
2017-03-19;2.58
2017-03-20;2.58
2017-03-21;2.57
2017-03-22;2.57
2017-03-23;2.57
2017-03-24;2.58
2017-03-25;2.58
2017-03-26;2.57
2017-03-27;2.57
2017-03-28;2.57
2017-03-29;2.58
2017-03-30;2.57
2017-03-31;2.56
2017-04-01;2.57
2017-04-02;2.58
2017-04-03;2.57
2017-04-04;2.58
2017-04-05;2.59
2017-04-06;2.59
2017-04-07;2.59
2017-04-08;2.59
2017-04-09;2.58
2017-04-10;2.59
2017-04-11;2.59
2017-04-12;2.59
2017-04-13;2.59
2017-04-14;2.59
2017-04-15;2.59
2017-04-16;2.60
2017-04-17;2.60
2017-04-18;2.60
2017-04-19;2.61
2017-04-20;2.60
2017-04-21;2.60
2017-04-22;2.60
2017-04-23;2.60
2017-04-24;2.60
2017-04-25;2.60
2017-04-26;2.61
2017-04-27;2.61
2017-04-28;2.61
2017-04-29;2.63
2017-04-30;2.65
2017-05-01;2.65
2017-05-02;2.65
2017-05-03;2.66
2017-05-04;2.67
2017-05-05;2.67
2017-05-06;2.67
2017-05-07;2.68
2017-05-08;2.68
2017-05-09;2.69
2017-05-10;2.71
2017-05-11;2.72
2017-05-12;2.72
2017-05-13;2.72
2017-05-14;2.72
2017-05-15;2.73
2017-05-16;2.74
2017-05-17;2.74
2017-05-18;2.75
2017-05-19;2.76
2017-05-20;2.77
2017-05-21;2.79
2017-05-22;2.80
2017-05-23;2.81
2017-05-24;2.81
2017-05-25;2.81
2017-05-26;2.83
2017-05-27;2.84
2017-05-28;2.85
2017-05-29;2.86
2017-05-30;2.87
2017-05-31;2.87
2017-06-01;2.88
2017-06-02;2.89
2017-06-03;2.90
2017-06-04;2.91
2017-06-05;2.92
2017-06-06;2.94
2017-06-07;2.95
2017-06-08;2.96
2017-06-09;2.96
2017-06-10;2.97
2017-06-11;2.98
2017-06-12;2.99
2017-06-13;3.00
2017-06-14;3.02
2017-06-15;3.03
2017-06-16;3.04
2017-06-17;3.05
2017-06-18;3.05
2017-06-19;3.06
2017-06-20;3.07
2017-06-21;3.07
2017-06-22;3.09
2017-06-23;3.10
2017-06-24;3.11
2017-06-25;3.13
2017-06-26;3.14
2017-06-27;3.14
2017-06-28;3.15
2017-06-29;3.16
2017-06-30;3.17
2017-07-01;3.18
2017-07-02;3.20
2017-07-03;3.21
2017-07-04;3.21
2017-07-05;3.22
2017-07-06;3.23
2017-07-07;3.24
2017-07-08;3.24
2017-07-09;3.25
2017-07-10;3.26
2017-07-11;3.26
2017-07-12;3.27
2017-07-13;3.27
2017-07-14;3.26
2017-07-15;3.27
2017-07-16;3.25
2017-07-17;3.19
2017-07-18;3.16
2017-07-19;3.08
2017-07-20;2.99
2017-07-21;2.95
2017-07-22;2.92
2017-07-23;2.85
2017-07-24;2.83
2017-07-25;2.83
2017-07-26;2.82
2017-07-27;2.80
2017-07-28;2.79
2017-07-29;2.76
2017-07-30;2.71
2017-07-31;2.70
2017-08-01;2.59
2017-08-02;2.59
2017-08-03;2.60
2017-08-04;2.61
2017-08-05;2.62
2017-08-06;2.63
2017-08-07;2.65
2017-08-08;2.67
2017-08-09;2.69
2017-08-10;2.71
2017-08-11;2.71
2017-08-12;2.72
2017-08-13;2.68
2017-08-14;2.67
2017-08-15;2.67
2017-08-16;2.69
2017-08-17;2.71
2017-08-18;2.72
2017-08-19;2.74
2017-08-20;2.74
2017-08-21;2.76
2017-08-22;2.77
2017-08-23;2.77
2017-08-24;2.74
2017-08-25;2.74
2017-08-26;2.75
2017-08-27;2.77
2017-08-28;2.78
2017-08-29;2.79
2017-08-30;2.79
2017-08-31;2.80
2017-09-01;2.81
2017-09-02;2.83
2017-09-03;2.84
2017-09-04;2.84
2017-09-05;2.85
2017-09-06;2.86
2017-09-07;2.87
2017-09-08;2.87
2017-09-09;2.88
2017-09-10;2.89
2017-09-11;2.89
2017-09-12;2.90
2017-09-13;2.90
2017-09-14;2.90
2017-09-15;2.91
2017-09-16;2.92
2017-09-17;2.93
2017-09-18;2.94
2017-09-19;2.94
2017-09-20;2.94
2017-09-21;2.95
2017-09-22;2.95
2017-09-23;2.95
2017-09-24;2.96
2017-09-25;2.97
2017-09-26;2.97
2017-09-27;2.99
2017-09-28;3.00
2017-09-29;3.00
2017-09-30;3.01
2017-10-01;3.01
2017-10-02;3.01
2017-10-03;3.02
2017-10-04;3.04
2017-10-05;3.04
2017-10-06;3.04
2017-10-07;3.04
2017-10-08;3.04
2017-10-09;3.05
2017-10-10;3.07
2017-10-11;3.07
2017-10-12;3.08
2017-10-13;3.08
2017-10-14;3.09
2017-10-15;3.10
2017-10-16;3.11
2017-10-17;3.11
2017-10-18;3.10
2017-10-19;3.09
2017-10-20;3.09
2017-10-21;3.10
2017-10-22;3.12
2017-10-23;3.13
2017-10-24;3.13
2017-10-25;3.13
2017-10-26;3.12
2017-10-27;3.12
2017-10-28;3.12
2017-10-29;3.12
2017-10-30;3.11
2017-10-31;3.11
2017-11-01;3.11
2017-11-02;3.13
2017-11-03;3.13
2017-11-04;3.13
2017-11-05;3.13
2017-11-06;3.13
2017-11-07;3.14
2017-11-08;3.12
2017-11-09;3.12
2017-11-10;3.11
2017-11-11;3.12
2017-11-12;3.12
2017-11-13;3.13
2017-11-14;3.12
2017-11-15;3.12
2017-11-16;3.12
2017-11-17;3.12
2017-11-18;3.12
2017-11-19;3.12
2017-11-20;3.11
2017-11-21;3.12
2017-11-22;3.12
2017-11-23;3.12
2017-11-24;3.10
2017-11-25;3.11
2017-11-26;3.11
2017-11-27;3.09
2017-11-28;3.09
2017-11-29;3.10
2017-11-30;3.10
2017-12-01;3.09
2017-12-02;3.09
2017-12-03;3.08
2017-12-04;3.07
2017-12-05;3.08
2017-12-06;3.08
2017-12-07;3.08
2017-12-08;3.09
2017-12-09;3.09
2017-12-10;3.08
2017-12-11;3.07
2017-12-12;3.06
2017-12-13;3.04
2017-12-14;3.02
2017-12-15;3.03
2017-12-16;3.00
2017-12-17;2.99
2017-12-18;2.99
2017-12-19;3.00
2017-12-20;2.99
2017-12-21;2.97
2017-12-22;2.99
2017-12-23;2.99
2017-12-24;2.99
2017-12-25;2.98
2017-12-26;2.97
2017-12-27;2.97
2017-12-28;2.97
2017-12-29;2.97
2017-12-30;2.96
2017-12-31;2.95
2018-01-01;2.95
2018-01-02;2.94
2018-01-03;2.94
2018-01-04;2.94
2018-01-05;2.94
2018-01-06;2.93
2018-01-07;2.92
2018-01-08;2.92
2018-01-09;2.90
2018-01-10;2.90
2018-01-11;2.91
2018-01-12;2.91
2018-01-13;2.92
2018-01-14;2.91
2018-01-15;2.90
2018-01-16;2.90
2018-01-17;2.90
2018-01-18;2.90
2018-01-19;2.88
2018-01-20;2.87
2018-01-21;2.88
2018-01-22;2.88
2018-01-23;2.88
2018-01-24;2.88
2018-01-25;2.87
2018-01-26;2.87
2018-01-27;2.87
2018-01-28;2.87
2018-01-29;2.88
2018-01-30;2.87
2018-01-31;2.85
2018-02-01;2.85
2018-02-02;2.86
2018-02-03;2.85
2018-02-04;2.85
2018-02-05;2.84
2018-02-06;2.83
2018-02-07;2.85
2018-02-08;2.84
2018-02-09;2.83
2018-02-10;2.82
2018-02-11;2.81
2018-02-12;2.81
2018-02-13;2.83
2018-02-14;2.83
2018-02-15;2.79
2018-02-16;2.76
2018-02-17;2.75
2018-02-18;2.74
2018-02-19;2.73
2018-02-20;2.74
2018-02-21;2.76
2018-02-22;2.77
2018-02-23;2.77
2018-02-24;2.78
2018-02-25;2.78
2018-02-26;2.78
2018-02-27;2.77
2018-02-28;2.78
2018-03-01;2.79
2018-03-02;2.78
2018-03-03;2.78
2018-03-04;2.78
2018-03-05;2.78
2018-03-06;2.78
2018-03-07;2.78
2018-03-08;2.78
2018-03-09;2.77
2018-03-10;2.77
2018-03-11;2.78
2018-03-12;2.78
2018-03-13;2.77
2018-03-14;2.77
2018-03-15;2.76
2018-03-16;2.76
2018-03-17;2.76
2018-03-18;2.76
2018-03-19;2.76
2018-03-20;2.76
2018-03-21;2.77
2018-03-22;2.77
2018-03-23;2.77
2018-03-24;2.76
2018-03-25;2.75
2018-03-26;2.75
2018-03-27;2.76
2018-03-28;2.76
2018-03-29;2.77
2018-03-30;2.77
2018-03-31;2.77
2018-04-01;2.76
2018-04-02;2.75
2018-04-03;2.76
2018-04-04;2.77
2018-04-05;2.77
2018-04-06;2.77
2018-04-07;2.77
2018-04-08;2.77
2018-04-09;2.78
2018-04-10;2.79
2018-04-11;2.79
2018-04-12;2.78
2018-04-13;2.79
2018-04-14;2.80
2018-04-15;2.79
2018-04-16;2.79
2018-04-17;2.78
2018-04-18;2.78
2018-04-19;2.76
2018-04-20;2.76
2018-04-21;2.77
2018-04-22;2.76
2018-04-23;2.77
2018-04-24;2.77
2018-04-25;2.77
2018-04-26;2.76
2018-04-27;2.76
2018-04-28;2.76
2018-04-29;2.76
2018-04-30;2.76
2018-05-01;2.76
2018-05-02;2.77
2018-05-03;2.78
2018-05-04;2.79
2018-05-05;2.79
2018-05-06;2.79
2018-05-07;2.80
2018-05-08;2.80
2018-05-09;2.80
2018-05-10;2.80
2018-05-11;2.80
2018-05-12;2.81
2018-05-13;2.82
2018-05-14;2.83
2018-05-15;2.84
2018-05-16;2.85
2018-05-17;2.85
2018-05-18;2.85
2018-05-19;2.86
2018-05-20;2.88
2018-05-21;2.88
2018-05-22;2.90
2018-05-23;2.91
2018-05-24;2.93
2018-05-25;2.94
2018-05-26;2.94
2018-05-27;2.95
2018-05-28;2.96
2018-05-29;2.97
2018-05-30;2.98
2018-05-31;2.99
2018-06-01;3.01
2018-06-02;3.02
2018-06-03;3.03
2018-06-04;3.05
2018-06-05;3.06
2018-06-06;3.07
2018-06-07;3.08
2018-06-08;3.10
2018-06-09;3.11
2018-06-10;3.11
2018-06-11;3.12
2018-06-12;3.13
2018-06-13;3.15
2018-06-14;3.16
2018-06-15;3.16
2018-06-16;3.13
2018-06-17;3.15
2018-06-18;3.17
2018-06-19;3.18
2018-06-20;3.20
2018-06-21;3.21
2018-06-22;3.22
2018-06-23;3.23
2018-06-24;3.25
2018-06-25;3.26
2018-06-26;3.28
2018-06-27;3.29
2018-06-28;3.29
2018-06-29;3.30
2018-06-30;3.31
2018-07-01;3.33
2018-07-02;3.34
2018-07-03;3.35
2018-07-04;3.36
2018-07-05;3.37
2018-07-06;3.39
2018-07-07;3.39
2018-07-08;3.39
2018-07-09;3.40
2018-07-10;3.25
2018-07-11;3.26
2018-07-12;3.27
2018-07-13;3.26
2018-07-14;3.26
2018-07-15;3.25
2018-07-16;3.25
2018-07-17;3.25
2018-07-18;3.27
2018-07-19;3.28
2018-07-20;3.27
2018-07-21;3.26
2018-07-22;3.27
2018-07-23;3.28
2018-07-24;3.30
2018-07-25;3.31
2018-07-26;3.32
2018-07-27;3.33
2018-07-28;3.34
2018-07-29;3.35
2018-07-30;3.30
2018-07-31;3.15
2018-08-01;3.16
2018-08-02;3.16
2018-08-03;3.16
2018-08-04;3.14
2018-08-05;3.16
2018-08-06;3.17
2018-08-07;3.17
2018-08-08;3.16
2018-08-09;3.16
2018-08-10;3.15
2018-08-11;3.14
2018-08-12;3.12
2018-08-13;3.11
2018-08-14;3.11
2018-08-15;3.11
2018-08-16;3.12
2018-08-17;3.12
2018-08-18;3.13
2018-08-19;3.13
2018-08-20;3.13
2018-08-21;3.09
2018-08-22;3.07
2018-08-23;3.06
2018-08-24;3.02
2018-08-25;3.01
2018-08-26;3.01
2018-08-27;3.00
2018-08-28;3.01
2018-08-29;3.03
2018-08-30;3.04
2018-08-31;3.05
2018-09-01;3.06
2018-09-02;3.06
2018-09-03;3.04
2018-09-04;3.03
2018-09-05;3.04
2018-09-06;3.05
2018-09-07;3.05
2018-09-08;3.06
2018-09-09;3.06
2018-09-10;3.08
2018-09-11;3.09
2018-09-12;3.10
2018-09-13;3.12
2018-09-14;3.12
2018-09-15;3.14
2018-09-16;3.15
2018-09-17;3.16
2018-09-18;3.17
2018-09-19;3.16
2018-09-20;3.15
2018-09-21;3.18
2018-09-22;3.19
2018-09-23;3.19
2018-09-24;3.20
2018-09-25;3.21
2018-09-26;3.22
2018-09-27;3.23
2018-09-28;3.24
2018-09-29;3.25
2018-09-30;3.26
2018-10-01;3.26
2018-10-02;3.27
2018-10-03;3.28
2018-10-04;3.28
2018-10-05;3.28
2018-10-06;3.28
2018-10-07;3.28
2018-10-08;3.29
2018-10-09;3.30
2018-10-10;3.31
2018-10-11;3.31
2018-10-12;3.29
2018-10-13;3.27
2018-10-14;3.28
2018-10-15;3.29
2018-10-16;3.29
2018-10-17;3.30
2018-10-18;3.30
2018-10-19;3.30
2018-10-20;3.30
2018-10-21;3.30
2018-10-22;3.29
2018-10-23;3.26
2018-10-24;3.18
2018-10-25;3.18
2018-10-26;3.18
2018-10-27;3.18
2018-10-28;3.18
2018-10-29;3.17
2018-10-30;3.17
2018-10-31;3.17
2018-11-01;3.18
2018-11-02;3.18
2018-11-03;3.17
2018-11-04;3.17
2018-11-05;3.17
2018-11-06;3.17
2018-11-07;3.17
2018-11-08;3.17
2018-11-09;3.17
2018-11-10;3.17
2018-11-11;3.17
2018-11-12;3.18
2018-11-13;3.20
2018-11-14;3.18
2018-11-15;3.16
2018-11-16;3.15
2018-11-17;3.14
2018-11-18;3.14
2018-11-19;3.13
2018-11-20;3.13
2018-11-21;3.13
2018-11-22;3.12
2018-11-23;3.12
2018-11-24;3.10
2018-11-25;3.10
2018-11-26;3.11
2018-11-27;3.10
2018-11-28;3.09
2018-11-29;3.08
2018-11-30;3.07
2018-12-01;3.07
2018-12-02;3.07
2018-12-03;3.08
2018-12-04;3.08
2018-12-05;3.07
2018-12-06;3.07
2018-12-07;3.05
2018-12-08;3.04
2018-12-09;3.05
2018-12-10;3.05
2018-12-11;3.04
2018-12-12;3.03
2018-12-13;3.04
2018-12-14;3.05
2018-12-15;3.04
2018-12-16;3.04
2018-12-17;3.03
2018-12-18;3.02
2018-12-19;3.02
2018-12-20;3.03
2018-12-21;3.02
2018-12-22;3.02
2018-12-23;3.02
2018-12-24;3.01
2018-12-25;2.99
2018-12-26;2.99
2018-12-27;2.99
2018-12-28;2.98
2018-12-29;2.99
2018-12-30;2.98
2018-12-31;2.97
2019-01-01;2.98
2019-01-02;2.97
2019-01-03;2.98
2019-01-04;2.98
2019-01-05;2.98
2019-01-06;2.97
2019-01-07;2.97
2019-01-08;2.98
2019-01-09;2.98
2019-01-10;2.97
2019-01-11;2.97
2019-01-12;2.97
2019-01-13;2.97
2019-01-14;2.97
2019-01-15;2.98
2019-01-16;2.98
2019-01-17;2.98
2019-01-18;2.98
2019-01-19;2.99
2019-01-20;2.98
2019-01-21;2.95
2019-01-22;2.96
2019-01-23;2.97
2019-01-24;2.97
2019-01-25;2.97
2019-01-26;2.97
2019-01-27;2.97
2019-01-28;2.96
2019-01-29;2.95
2019-01-30;2.95
2019-01-31;2.95
2019-02-01;2.95
2019-02-02;2.95
2019-02-03;2.94
2019-02-04;2.94
2019-02-05;2.93
2019-02-06;2.93
2019-02-07;2.95
2019-02-08;2.95
2019-02-09;2.94
2019-02-10;2.94
2019-02-11;2.94
2019-02-12;2.95
2019-02-13;2.94
2019-02-14;2.94
2019-02-15;2.93
2019-02-16;2.92
2019-02-17;2.92
2019-02-18;2.92
2019-02-19;2.91
2019-02-20;2.91
2019-02-21;2.90
2019-02-22;2.87
2019-02-23;2.89
2019-02-24;2.90
2019-02-25;2.90
2019-02-26;2.91
2019-02-27;2.91
2019-02-28;2.91
2019-03-01;2.91
2019-03-02;2.91
2019-03-03;2.91
2019-03-04;2.90
2019-03-05;2.91
2019-03-06;2.91
2019-03-07;2.91
2019-03-08;2.90
2019-03-09;2.90
2019-03-10;2.89
2019-03-11;2.89
2019-03-12;2.84
2019-03-13;2.84
2019-03-14;2.86
2019-03-15;2.86
2019-03-16;2.86
2019-03-17;2.87
2019-03-18;2.87
2019-03-19;2.87
2019-03-20;2.87
2019-03-21;2.87
2019-03-22;2.88
2019-03-23;2.88
2019-03-24;2.89
2019-03-25;2.90
2019-03-26;2.89
2019-03-27;2.89
2019-03-28;2.90
2019-03-29;2.90
2019-03-30;2.89
2019-03-31;2.89
2019-04-01;2.90
2019-04-02;2.90
2019-04-03;2.90
2019-04-04;2.91
2019-04-05;2.90
2019-04-06;2.90
2019-04-07;2.92
2019-04-08;2.92
2019-04-09;2.91
2019-04-10;2.90
2019-04-11;2.90
2019-04-12;2.89
2019-04-13;2.91
2019-04-14;2.91
2019-04-15;2.91
2019-04-16;2.91
2019-04-17;2.92
2019-04-18;2.93
2019-04-19;2.92
2019-04-20;2.91
2019-04-21;2.91
2019-04-22;2.91
2019-04-23;2.91
2019-04-24;2.91
2019-04-25;2.92
2019-04-26;2.92
2019-04-27;2.92
2019-04-28;2.91
2019-04-29;2.91
2019-04-30;2.91
2019-05-01;2.92
2019-05-02;2.92
2019-05-03;2.92
2019-05-04;2.92
2019-05-05;2.91
2019-05-06;2.92
2019-05-07;2.92
2019-05-08;2.93
2019-05-09;2.92
2019-05-10;2.93
2019-05-11;2.93
2019-05-12;2.94
2019-05-13;2.94
2019-05-14;2.95
2019-05-15;2.95
2019-05-16;2.95
2019-05-17;2.95
2019-05-18;2.96
2019-05-19;2.96
2019-05-20;2.96
2019-05-21;2.97
2019-05-22;2.97
2019-05-23;2.99
2019-05-24;3.00
2019-05-25;3.01
2019-05-26;3.01
2019-05-27;3.02
2019-05-28;3.03
2019-05-29;3.04
2019-05-30;3.05
2019-05-31;3.06
2019-06-01;3.07
2019-06-02;3.07
2019-06-03;3.08
2019-06-04;3.09
2019-06-05;3.10
2019-06-06;3.12
2019-06-07;3.12
2019-06-08;3.13
2019-06-09;3.15
2019-06-10;3.17
2019-06-11;3.18
2019-06-12;3.18
2019-06-13;3.18
2019-06-14;3.19
2019-06-15;3.22
2019-06-16;3.23
2019-06-17;3.24
2019-06-18;3.26
2019-06-19;3.28
2019-06-20;3.28
2019-06-21;3.29
2019-06-22;3.31
2019-06-23;3.33
2019-06-24;3.34
2019-06-25;3.35
2019-06-26;3.37
2019-06-27;3.39
2019-06-28;3.40
2019-06-29;3.40
2019-06-30;3.40
2019-07-01;3.41
2019-07-02;3.43
2019-07-03;3.44
2019-07-04;3.45
2019-07-05;3.48
2019-07-06;3.49
2019-07-07;3.49
2019-07-08;3.49
2019-07-09;3.51
2019-07-10;3.52
2019-07-11;3.53
2019-07-12;3.54
2019-07-13;3.55
2019-07-14;3.56
2019-07-15;3.56
2019-07-16;3.57
2019-07-17;3.58
2019-07-18;3.59
2019-07-19;3.59
2019-07-20;3.60
2019-07-21;3.61
2019-07-22;3.60
2019-07-23;3.59
2019-07-24;3.59
2019-07-25;3.60
2019-07-26;3.61
2019-07-27;3.63
2019-07-28;3.64
2019-07-29;3.63
2019-07-30;3.60
2019-07-31;3.59
2019-08-01;3.59
2019-08-02;3.59
2019-08-03;3.58
2019-08-04;3.58
2019-08-05;3.58
2019-08-06;3.59
2019-08-07;3.59
2019-08-08;3.59
2019-08-09;3.60
2019-08-10;3.59
2019-08-11;3.58
2019-08-12;3.58
2019-08-13;3.58
2019-08-14;3.58
2019-08-15;3.59
2019-08-16;3.59
2019-08-17;3.60
2019-08-18;3.61
2019-08-19;3.62
2019-08-20;3.63
2019-08-21;3.63
2019-08-22;3.64
2019-08-23;3.63
2019-08-24;3.56
2019-08-25;3.55
2019-08-26;3.54
2019-08-27;3.53
2019-08-28;3.52
2019-08-29;3.47
2019-08-30;3.46
2019-08-31;3.46
2019-09-01;3.48
2019-09-02;3.49
2019-09-03;3.49
2019-09-04;3.50
2019-09-05;3.52
2019-09-06;3.53
2019-09-07;3.53
2019-09-08;3.53
2019-09-09;3.53
2019-09-10;3.54
2019-09-11;3.55
2019-09-12;3.56
2019-09-13;3.56
2019-09-14;3.57
2019-09-15;3.57
2019-09-16;3.57
2019-09-17;3.57
2019-09-18;3.57
2019-09-19;3.56
2019-09-20;3.57
2019-09-21;3.58
2019-09-22;3.59
2019-09-23;3.60
2019-09-24;3.46
2019-09-25;3.34
2019-09-26;3.31
2019-09-27;3.31
2019-09-28;3.31
2019-09-29;3.33
2019-09-30;3.34
2019-10-01;3.35
2019-10-02;3.37
2019-10-03;3.38
2019-10-04;3.39
2019-10-05;3.40
2019-10-06;3.40
2019-10-07;3.41
2019-10-08;3.40
2019-10-09;3.40
2019-10-10;3.40
2019-10-11;3.41
2019-10-12;3.41
2019-10-13;3.42
2019-10-14;3.42
2019-10-15;3.42
2019-10-16;3.43
2019-10-17;3.42
2019-10-18;3.41
2019-10-19;3.42
2019-10-20;3.42
2019-10-21;3.44
2019-10-22;3.45
2019-10-23;3.44
2019-10-24;3.44
2019-10-25;3.45
2019-10-26;3.43
2019-10-27;3.43
2019-10-28;3.43
2019-10-29;3.42
2019-10-30;3.44
2019-10-31;3.45
2019-11-01;3.44
2019-11-02;3.44
2019-11-03;3.43
2019-11-04;3.42
2019-11-05;3.41
2019-11-06;3.40
2019-11-07;3.40
2019-11-08;3.40
2019-11-09;3.39
2019-11-10;3.38
2019-11-11;3.37
2019-11-12;3.37
2019-11-13;3.35
2019-11-14;3.35
2019-11-15;3.35
2019-11-16;3.33
2019-11-17;3.33
2019-11-18;3.32
2019-11-19;3.29
2019-11-20;3.22
2019-11-21;3.19
2019-11-22;3.20
2019-11-23;3.21
2019-11-24;3.22
2019-11-25;3.21
2019-11-26;3.21
2019-11-27;3.17
2019-11-28;2.90
2019-11-29;2.63
2019-11-30;2.56
2019-12-01;2.55
2019-12-02;2.54
2019-12-03;2.54
2019-12-04;2.55
2019-12-05;2.57
2019-12-06;2.60
2019-12-07;2.62
2019-12-08;2.63
2019-12-09;2.62
2019-12-10;2.65
2019-12-11;2.66
2019-12-12;2.67
2019-12-13;2.67
2019-12-14;2.66
2019-12-15;2.67
2019-12-16;2.69
2019-12-17;2.72
2019-12-18;2.72
2019-12-19;2.73
2019-12-20;2.75
2019-12-21;2.76
2019-12-22;2.76
2019-12-23;2.75
2019-12-24;2.73
2019-12-25;2.73
2019-12-26;2.74
2019-12-27;2.72
2019-12-28;2.72
2019-12-29;2.73
2019-12-30;2.73
2019-12-31;2.72
2020-01-01;2.71
2020-01-02;2.70
2020-01-03;2.73
2020-01-04;2.75
2020-01-05;2.75
2020-01-06;2.76
2020-01-07;2.76
2020-01-08;2.74
2020-01-09;2.73
2020-01-10;2.75
2020-01-11;2.76
2020-01-12;2.76
2020-01-13;2.76
2020-01-14;2.77
2020-01-15;2.77
2020-01-16;2.77
2020-01-17;2.77
2020-01-18;2.78
2020-01-19;2.78
2020-01-20;2.78
2020-01-21;2.77
2020-01-22;2.76
2020-01-23;2.76
2020-01-24;2.76
2020-01-25;2.77
2020-01-26;2.78
2020-01-27;2.78
2020-01-28;2.78
2020-01-29;2.77
2020-01-30;2.77
2020-01-31;2.79
2020-02-01;2.80
2020-02-02;2.79
2020-02-03;2.76
2020-02-04;2.76
2020-02-05;2.77
2020-02-06;2.78
2020-02-07;2.78
2020-02-08;2.78
2020-02-09;2.78
2020-02-10;2.76
2020-02-11;2.72
2020-02-12;2.71
2020-02-13;2.73
2020-02-14;2.74
2020-02-15;2.76
2020-02-16;2.76
2020-02-17;2.75
2020-02-18;2.76
2020-02-19;2.76
2020-02-20;2.78
2020-02-21;2.78
2020-02-22;2.77
2020-02-23;2.77
2020-02-24;2.77
2020-02-25;2.78
2020-02-26;2.79
2020-02-27;2.79
2020-02-28;2.79
2020-02-29;2.78
2020-03-01;2.76
2020-03-02;2.75
2020-03-03;2.74
2020-03-04;2.75
2020-03-05;2.76
2020-03-06;2.77
2020-03-07;2.76
2020-03-08;2.73
2020-03-09;2.73
2020-03-10;2.74
2020-03-11;2.73
2020-03-12;2.71
2020-03-13;2.70
2020-03-14;2.70
2020-03-15;2.70
2020-03-16;2.68
2020-03-17;2.67
2020-03-18;2.64
2020-03-19;2.62
2020-03-20;2.62
2020-03-21;2.61
2020-03-22;2.61
2020-03-23;2.60
2020-03-24;2.60
2020-03-25;2.60
2020-03-26;2.59
2020-03-27;2.59
2020-03-28;2.61
2020-03-29;2.61
2020-03-30;2.63
2020-03-31;2.63
2020-04-01;2.62
2020-04-02;2.62
2020-04-03;2.63
2020-04-04;2.63
2020-04-05;2.64
2020-04-06;2.65
2020-04-07;2.66
2020-04-08;2.66
2020-04-09;2.67
2020-04-10;2.66
2020-04-11;2.65
2020-04-12;2.66
2020-04-13;2.67
2020-04-14;2.68
2020-04-15;2.68
2020-04-16;2.68
2020-04-17;2.68
2020-04-18;2.68
2020-04-19;2.68
2020-04-20;2.68
2020-04-21;2.68
2020-04-22;2.69
2020-04-23;2.69
2020-04-24;2.69
2020-04-25;2.70
2020-04-26;2.70
2020-04-27;2.71
2020-04-28;2.71
2020-04-29;2.72
2020-04-30;2.72
2020-05-01;2.72
2020-05-02;2.73
2020-05-03;2.73
2020-05-04;2.73
2020-05-05;2.74
2020-05-06;2.74
2020-05-07;2.74
2020-05-08;2.75
2020-05-09;2.76
2020-05-10;2.76
2020-05-11;2.76
2020-05-12;2.76
2020-05-13;2.77
2020-05-14;2.77
2020-05-15;2.78
2020-05-16;2.78
2020-05-17;2.79
2020-05-18;2.80
2020-05-19;2.81
2020-05-20;2.82
2020-05-21;2.82
2020-05-22;2.83
2020-05-23;2.83
2020-05-24;2.84
2020-05-25;2.85
2020-05-26;2.87
2020-05-27;2.88
2020-05-28;2.89
2020-05-29;2.90
2020-05-30;2.90
2020-05-31;2.91
2020-06-01;2.92
2020-06-02;2.93
2020-06-03;2.94
2020-06-04;2.94
2020-06-05;2.94
2020-06-06;2.95
2020-06-07;2.96
2020-06-08;2.98
2020-06-09;3.00
2020-06-10;3.02
2020-06-11;3.03
2020-06-12;3.04
2020-06-13;3.04
2020-06-14;3.05
2020-06-15;3.07
2020-06-16;3.08
2020-06-17;3.09
2020-06-18;3.10
2020-06-19;3.11
2020-06-20;3.12
2020-06-21;3.14
2020-06-22;3.15
2020-06-23;3.16
2020-06-24;3.17
2020-06-25;3.19
2020-06-26;3.21
2020-06-27;3.20
2020-06-28;3.20
2020-06-29;3.21
2020-06-30;3.24
2020-07-01;3.25
2020-07-02;3.24
2020-07-03;3.25
2020-07-04;3.27
2020-07-05;3.28
2020-07-06;3.30
2020-07-07;3.31
2020-07-08;3.33
2020-07-09;3.34
2020-07-10;3.35
2020-07-11;3.35
2020-07-12;3.36
2020-07-13;3.38
2020-07-14;3.38
2020-07-15;3.36
2020-07-16;3.37
2020-07-17;3.39
2020-07-18;3.41
2020-07-19;3.43
2020-07-20;3.44
2020-07-21;3.45
2020-07-22;3.47
2020-07-23;3.47
2020-07-24;3.47
2020-07-25;3.47
2020-07-26;3.49
2020-07-27;3.47
2020-07-28;3.45
2020-07-29;3.47
2020-07-30;3.49
2020-07-31;3.51
2020-08-01;3.52
2020-08-02;3.50
2020-08-03;3.47
2020-08-04;3.47
2020-08-05;3.46
2020-08-06;3.46
2020-08-07;3.47
2020-08-08;3.47
2020-08-09;3.46
2020-08-10;3.48
2020-08-11;3.49
2020-08-12;3.50
2020-08-13;3.51
2020-08-14;3.53
2020-08-15;3.54
2020-08-16;3.55
2020-08-17;3.57
2020-08-18;3.58
2020-08-19;3.59
2020-08-20;3.59
2020-08-21;3.60
2020-08-22;3.62
2020-08-23;3.63
2020-08-24;3.64
2020-08-25;3.65
2020-08-26;3.65
2020-08-27;3.66
2020-08-28;3.68
2020-08-29;3.69
2020-08-30;3.69
2020-08-31;3.67
2020-09-01;3.65
2020-09-02;3.64
2020-09-03;3.63
2020-09-04;3.62
2020-09-05;3.63
2020-09-06;3.63
2020-09-07;3.62
2020-09-08;3.62
2020-09-09;3.63
2020-09-10;3.66
2020-09-11;3.67
2020-09-12;3.68
2020-09-13;3.69
2020-09-14;3.70
2020-09-15;3.71
2020-09-16;3.72
2020-09-17;3.73
2020-09-18;3.74
2020-09-19;3.74
2020-09-20;3.75
2020-09-21;3.76
2020-09-22;3.77
2020-09-23;3.78
2020-09-24;3.78
2020-09-25;3.79
2020-09-26;3.80
2020-09-27;3.81
2020-09-28;3.82
2020-09-29;3.84
2020-09-30;3.84
2020-10-01;3.84
2020-10-02;3.85
2020-10-03;3.85
2020-10-04;3.86
2020-10-05;3.87
2020-10-06;3.87
2020-10-07;3.87
2020-10-08;3.87
2020-10-09;3.87
2020-10-10;3.88
2020-10-11;3.88
2020-10-12;3.90
2020-10-13;3.90
2020-10-14;3.91
2020-10-15;3.91
2020-10-16;3.91
2020-10-17;3.91
2020-10-18;3.92
2020-10-19;3.92
2020-10-20;3.92
2020-10-21;3.92
2020-10-22;3.92
2020-10-23;3.93
2020-10-24;3.94
2020-10-25;3.93
2020-10-26;3.92
2020-10-27;3.94
2020-10-28;3.95
2020-10-29;3.95
2020-10-30;3.95
2020-10-31;3.94
2020-11-01;3.95
2020-11-02;3.94
2020-11-03;3.92
2020-11-04;3.92
2020-11-05;3.91
2020-11-06;3.88
2020-11-07;3.86
2020-11-08;3.86
2020-11-09;3.86
2020-11-10;3.87
2020-11-11;3.86
2020-11-12;3.86
2020-11-13;3.86
2020-11-14;3.86
2020-11-15;3.86
2020-11-16;3.86
2020-11-17;3.85
2020-11-18;3.84
2020-11-19;3.83
2020-11-20;3.83
2020-11-21;3.82
2020-11-22;3.81
2020-11-23;3.79
2020-11-24;3.79
2020-11-25;3.79
2020-11-26;3.78
2020-11-27;3.78
2020-11-28;3.79
2020-11-29;3.78
2020-11-30;3.78
2020-12-01;3.77
2020-12-02;3.76
2020-12-03;3.76
2020-12-04;3.76
2020-12-05;3.76
2020-12-06;3.76
2020-12-07;3.75
2020-12-08;3.75
2020-12-09;3.74
2020-12-10;3.69
2020-12-11;3.69
2020-12-12;3.68
2020-12-13;3.70
2020-12-14;3.68
2020-12-15;3.69
2020-12-16;3.69
2020-12-17;3.68
2020-12-18;3.68
2020-12-19;3.69
2020-12-20;3.69
2020-12-21;3.68
2020-12-22;3.67
2020-12-23;3.67
2020-12-24;3.68
2020-12-25;3.67
2020-12-26;3.66
2020-12-27;3.64
2020-12-28;3.63
2020-12-29;3.63
2020-12-30;3.63
2020-12-31;3.62
2021-01-01;3.62
2021-01-02;3.64
2021-01-03;3.63
2021-01-04;3.63
2021-01-05;3.62
2021-01-06;3.62
2021-01-07;3.62
2021-01-08;3.61
2021-01-09;3.60
2021-01-10;3.61
2021-01-11;3.61
2021-01-12;3.61
2021-01-13;3.61
2021-01-14;3.60
2021-01-15;3.59
2021-01-16;3.58
2021-01-17;3.58
2021-01-18;3.56
2021-01-19;3.56
2021-01-20;3.57
2021-01-21;3.53
2021-01-22;3.53
2021-01-23;3.52
2021-01-24;3.52
2021-01-25;3.51
2021-01-26;3.50
2021-01-27;3.52
2021-01-28;3.53
2021-01-29;3.52
2021-01-30;3.53
2021-01-31;3.54
2021-02-01;3.54
2021-02-02;3.53
2021-02-03;3.52
2021-02-04;3.52
2021-02-05;3.52
2021-02-06;3.51
2021-02-07;3.51
2021-02-08;3.51
2021-02-09;3.51
2021-02-10;3.50
2021-02-11;3.50
2021-02-12;3.49
2021-02-13;3.48
2021-02-14;3.47
2021-02-15;3.49
2021-02-16;3.48
2021-02-17;3.48
2021-02-18;3.50
2021-02-19;3.51
2021-02-20;3.50
2021-02-21;3.50
2021-02-22;3.50
2021-02-23;3.48
2021-02-24;3.48
2021-02-25;3.47
2021-02-26;3.46
2021-02-27;3.44
2021-02-28;3.44
2021-03-01;3.46
2021-03-02;3.44
2021-03-03;3.43
2021-03-04;3.44
2021-03-05;3.43
2021-03-06;3.42
2021-03-07;3.41
2021-03-08;3.41
2021-03-09;3.40
2021-03-10;3.39
2021-03-11;3.38
2021-03-12;3.38
2021-03-13;3.38
2021-03-14;3.38
2021-03-15;3.36
2021-03-16;3.35
2021-03-17;3.36
2021-03-18;3.36
2021-03-19;3.36
2021-03-20;3.36
2021-03-21;3.34
2021-03-22;3.33
2021-03-23;3.31
2021-03-24;3.29
2021-03-25;3.30
2021-03-26;3.30
2021-03-27;3.32
2021-03-28;3.33
2021-03-29;3.31
2021-03-30;3.31
2021-03-31;3.32
2021-04-01;3.31
2021-04-02;3.30
2021-04-03;3.31
2021-04-04;3.30
2021-04-05;3.29
2021-04-06;3.28
2021-04-07;3.30
2021-04-08;3.30
2021-04-09;3.30
2021-04-10;3.29
2021-04-11;3.29
2021-04-12;3.29
2021-04-13;3.29
2021-04-14;3.30
2021-04-15;3.30
2021-04-16;3.30
2021-04-17;3.31
2021-04-18;3.31
2021-04-19;3.32
2021-04-20;3.32
2021-04-21;3.31
2021-04-22;3.31
2021-04-23;3.32
2021-04-24;3.33
2021-04-25;3.32
2021-04-26;3.32
2021-04-27;3.32
2021-04-28;3.33
2021-04-29;3.35
2021-04-30;3.35
2021-05-01;3.34
2021-05-02;3.32
2021-05-03;3.33
2021-05-04;3.34
2021-05-05;3.35
2021-05-06;3.36
2021-05-07;3.36
2021-05-08;3.36
2021-05-09;3.36
2021-05-10;3.37
2021-05-11;3.37
2021-05-12;3.39
2021-05-13;3.39
2021-05-14;3.39
2021-05-15;3.39
2021-05-16;3.40
2021-05-17;3.40
2021-05-18;3.41
2021-05-19;3.42
2021-05-20;3.42
2021-05-21;3.44
2021-05-22;3.45
2021-05-23;3.46
2021-05-24;3.47
2021-05-25;3.48
2021-05-26;3.50
2021-05-27;3.50
2021-05-28;3.51
2021-05-29;3.52
2021-05-30;3.53
2021-05-31;3.55
2021-06-01;3.56
2021-06-02;3.57
2021-06-03;3.58
2021-06-04;3.60
2021-06-05;3.61
2021-06-06;3.62
2021-06-07;3.63
2021-06-08;3.65
2021-06-09;3.67
2021-06-10;3.68
2021-06-11;3.69
2021-06-12;3.70
2021-06-13;3.72
2021-06-14;3.73
2021-06-15;3.75
2021-06-16;3.76
2021-06-17;3.77
2021-06-18;3.78
2021-06-19;3.79
2021-06-20;3.81
2021-06-21;3.83
2021-06-22;3.85
2021-06-23;3.86
2021-06-24;3.87
2021-06-25;3.88
2021-06-26;3.88
2021-06-27;3.89
2021-06-28;3.91
2021-06-29;3.92
2021-06-30;3.94
2021-07-01;3.94
2021-07-02;3.95
2021-07-03;3.92
2021-07-04;3.89
2021-07-05;3.89
2021-07-06;3.89
2021-07-07;3.88
2021-07-08;3.88
2021-07-09;3.89
2021-07-10;3.89
2021-07-11;3.89
2021-07-12;3.89
2021-07-13;3.88
2021-07-14;3.88
2021-07-15;3.88
2021-07-16;3.83
2021-07-17;3.75
2021-07-18;3.74
2021-07-19;3.72
2021-07-20;3.68
2021-07-21;3.67
2021-07-22;3.68
2021-07-23;3.69
2021-07-24;3.66
2021-07-25;3.64
2021-07-26;3.64
2021-07-27;3.65
2021-07-28;3.64
2021-07-29;3.63
2021-07-30;3.63
2021-07-31;3.64
2021-08-01;3.64
2021-08-02;3.64
2021-08-03;3.62
2021-08-04;3.62
2021-08-05;3.63
2021-08-06;3.63
2021-08-07;3.62
2021-08-08;3.63
2021-08-09;3.58
2021-08-10;3.49
2021-08-11;3.40
2021-08-12;3.34
2021-08-13;3.30
2021-08-14;3.23
2021-08-15;3.14
2021-08-16;3.04
2021-08-17;2.84
2021-08-18;2.75
2021-08-19;2.75
2021-08-20;2.76
2021-08-21;2.78
2021-08-22;2.81
2021-08-23;2.82
2021-08-24;2.78
2021-08-25;2.80
2021-08-26;2.82
2021-08-27;2.84
2021-08-28;2.86
2021-08-29;2.88
2021-08-30;2.89
2021-08-31;2.89
2021-09-01;2.87
2021-09-02;2.88
2021-09-03;2.90
2021-09-04;2.92
2021-09-05;2.92
2021-09-06;2.91
2021-09-07;2.91
2021-09-08;2.91
2021-09-09;2.92
2021-09-10;2.94
2021-09-11;2.95
2021-09-12;2.96
2021-09-13;2.96
2021-09-14;2.97
2021-09-15;2.98
2021-09-16;2.98
2021-09-17;3.00
2021-09-18;3.01
2021-09-19;3.01
2021-09-20;3.01
2021-09-21;3.03
2021-09-22;3.04
2021-09-23;3.02
2021-09-24;3.02
2021-09-25;3.02
2021-09-26;3.01
2021-09-27;3.00
2021-09-28;2.99
2021-09-29;3.00
2021-09-30;2.99
2021-10-01;2.99
2021-10-02;3.00
2021-10-03;3.01
2021-10-04;3.01
2021-10-05;3.01
2021-10-06;3.02
2021-10-07;3.03
2021-10-08;3.03
2021-10-09;3.03
2021-10-10;3.04
2021-10-11;3.03
2021-10-12;3.03
2021-10-13;3.04
2021-10-14;3.05
2021-10-15;3.07
2021-10-16;3.07
2021-10-17;3.07
2021-10-18;3.06
2021-10-19;3.07
2021-10-20;3.09
2021-10-21;3.10
2021-10-22;3.09
2021-10-23;3.08
2021-10-24;3.08
2021-10-25;3.08
2021-10-26;3.08
2021-10-27;3.10
2021-10-28;3.10
2021-10-29;3.10
2021-10-30;3.09
2021-10-31;3.09
2021-11-01;3.10
2021-11-02;3.10
2021-11-03;3.10
2021-11-04;3.10
2021-11-05;3.13
2021-11-06;3.16
2021-11-07;3.16
2021-11-08;3.16
2021-11-09;3.16
2021-11-10;3.15
2021-11-11;3.15
2021-11-12;3.16
2021-11-13;3.16
2021-11-14;3.16
2021-11-15;3.15
2021-11-16;3.14
2021-11-17;3.13
2021-11-18;3.14
2021-11-19;3.13
2021-11-20;3.13
2021-11-21;3.13
2021-11-22;3.13
2021-11-23;3.11
2021-11-24;3.10
2021-11-25;3.11
2021-11-26;3.10
2021-11-27;3.10
2021-11-28;3.11
2021-11-29;3.10
2021-11-30;3.09
2021-12-01;3.09
2021-12-02;3.09
2021-12-03;3.08
2021-12-04;3.07
2021-12-05;3.06
2021-12-06;3.06
2021-12-07;3.05
2021-12-08;3.05
2021-12-09;3.04
2021-12-10;3.04
2021-12-11;3.05
2021-12-12;3.05
2021-12-13;3.05
2021-12-14;3.04
2021-12-15;3.03
2021-12-16;3.03
2021-12-17;3.02
2021-12-18;3.03
2021-12-19;3.03
2021-12-20;3.03
2021-12-21;3.03
2021-12-22;3.02
2021-12-23;3.02
2021-12-24;3.00
2021-12-25;3.00
2021-12-26;3.00
2021-12-27;2.99
2021-12-28;2.98
2021-12-29;2.99
2021-12-30;2.99
2021-12-31;2.95
2022-01-01;2.96
2022-01-02;2.99
2022-01-03;2.99
2022-01-04;3.00
2022-01-05;2.99
2022-01-06;2.98
2022-01-07;2.98
2022-01-08;2.98
2022-01-09;3.00
2022-01-10;3.01
2022-01-11;3.01
2022-01-12;3.01
2022-01-13;3.00
2022-01-14;2.99
2022-01-15;2.99
2022-01-16;2.98
2022-01-17;2.98
2022-01-18;2.97
2022-01-19;2.97
2022-01-20;2.98
2022-01-21;2.97
2022-01-22;2.96
2022-01-23;2.97
2022-01-24;2.96
2022-01-25;2.96
2022-01-26;2.97
2022-01-27;2.97
2022-01-28;2.99
2022-01-29;2.98
2022-01-30;2.97
2022-01-31;2.96
2022-02-01;2.95